-- MySQL dump 10.13  Distrib 8.0.36, for Win64 (x86_64)
--
-- Host: localhost    Database: task
-- ------------------------------------------------------
-- Server version	8.0.37

/*!40101 SET @OLD_CHARACTER_SET_CLIENT=@@CHARACTER_SET_CLIENT */;
/*!40101 SET @OLD_CHARACTER_SET_RESULTS=@@CHARACTER_SET_RESULTS */;
/*!40101 SET @OLD_COLLATION_CONNECTION=@@COLLATION_CONNECTION */;
/*!50503 SET NAMES utf8 */;
/*!40103 SET @OLD_TIME_ZONE=@@TIME_ZONE */;
/*!40103 SET TIME_ZONE='+00:00' */;
/*!40014 SET @OLD_UNIQUE_CHECKS=@@UNIQUE_CHECKS, UNIQUE_CHECKS=0 */;
/*!40014 SET @OLD_FOREIGN_KEY_CHECKS=@@FOREIGN_KEY_CHECKS, FOREIGN_KEY_CHECKS=0 */;
/*!40101 SET @OLD_SQL_MODE=@@SQL_MODE, SQL_MODE='NO_AUTO_VALUE_ON_ZERO' */;
/*!40111 SET @OLD_SQL_NOTES=@@SQL_NOTES, SQL_NOTES=0 */;

--
-- Table structure for table `address`
--

DROP TABLE IF EXISTS `address`;
/*!40101 SET @saved_cs_client     = @@character_set_client */;
/*!50503 SET character_set_client = utf8mb4 */;
CREATE TABLE `address` (
  `id` int NOT NULL AUTO_INCREMENT,
  `address` varchar(50) DEFAULT NULL,
  `city_id` int DEFAULT NULL,
  PRIMARY KEY (`id`),
  KEY `city_id` (`city_id`),
  CONSTRAINT `address_ibfk_1` FOREIGN KEY (`city_id`) REFERENCES `city` (`id`)
) ENGINE=InnoDB AUTO_INCREMENT=16 DEFAULT CHARSET=utf8mb4 COLLATE=utf8mb4_0900_ai_ci;
/*!40101 SET character_set_client = @saved_cs_client */;

--
-- Dumping data for table `address`
--

LOCK TABLES `address` WRITE;
/*!40000 ALTER TABLE `address` DISABLE KEYS */;
INSERT INTO `address` VALUES (1,'saharova',6207),(2,'shevchenka',6211),(3,'asdfasdf',2243),(4,'sfdgdfs',2280),(5,'new one ',2305),(6,'new two',2345),(7,'after updating ',2305),(8,'123',2305),(9,'123',2280),(10,'фіва',2280),(11,'asdf',2260),(12,'sdfa',2240),(13,'asdf',2305),(14,'asfd',2360),(15,'asdf12',2325);
/*!40000 ALTER TABLE `address` ENABLE KEYS */;
UNLOCK TABLES;

--
-- Table structure for table `alembic_version`
--

DROP TABLE IF EXISTS `alembic_version`;
/*!40101 SET @saved_cs_client     = @@character_set_client */;
/*!50503 SET character_set_client = utf8mb4 */;
CREATE TABLE `alembic_version` (
  `version_num` varchar(32) NOT NULL,
  PRIMARY KEY (`version_num`)
) ENGINE=InnoDB DEFAULT CHARSET=utf8mb4 COLLATE=utf8mb4_0900_ai_ci;
/*!40101 SET character_set_client = @saved_cs_client */;

--
-- Dumping data for table `alembic_version`
--

LOCK TABLES `alembic_version` WRITE;
/*!40000 ALTER TABLE `alembic_version` DISABLE KEYS */;
INSERT INTO `alembic_version` VALUES ('64086fcf9829');
/*!40000 ALTER TABLE `alembic_version` ENABLE KEYS */;
UNLOCK TABLES;

--
-- Table structure for table `city`
--

DROP TABLE IF EXISTS `city`;
/*!40101 SET @saved_cs_client     = @@character_set_client */;
/*!50503 SET character_set_client = utf8mb4 */;
CREATE TABLE `city` (
  `id` int NOT NULL AUTO_INCREMENT,
  `name` varchar(500) DEFAULT NULL,
  `country_id` int DEFAULT NULL,
  PRIMARY KEY (`id`),
  KEY `country_id` (`country_id`),
  CONSTRAINT `city_ibfk_1` FOREIGN KEY (`country_id`) REFERENCES `country` (`id`)
) ENGINE=InnoDB AUTO_INCREMENT=6489 DEFAULT CHARSET=utf8mb4 COLLATE=utf8mb4_0900_ai_ci;
/*!40101 SET character_set_client = @saved_cs_client */;

--
-- Dumping data for table `city`
--

LOCK TABLES `city` WRITE;
/*!40000 ALTER TABLE `city` DISABLE KEYS */;
INSERT INTO `city` VALUES (2220,'Oranjestad',1),(2221,'San Nicolas',1),(2222,'Paradera',1),(2223,'Pos Chiquito',1),(2224,'Cura Cabai',1),(2225,'Madiki',1),(2226,'Noord',1),(2227,'Cashero',1),(2228,'Ceru Colorado',1),(2229,'Cunucu Abao',1),(2230,'Savaneta',1),(2231,'Pos Abao',1),(2232,'Tanki Lender',1),(2233,'Tanki Flip',1),(2234,'Bubali',1),(2235,'Butucu',1),(2236,'Arasji',1),(2237,'Cadushi Largo',1),(2238,'Angochi',1),(2239,'Calbas',1),(2240,'Kandahar',2),(2241,'Herat',2),(2242,'Ghazni',2),(2243,'Jalalabad',2),(2244,'Kabul',2),(2245,'Kunduz',2),(2246,'Mazar-i-Sharif',2),(2247,'Lashkar Gah',2),(2248,'Pol-e-Khomri',2),(2249,'Sheberghan',2),(2250,'Taleqan',2),(2251,'Farah',2),(2252,'Khost',2),(2253,'Gardez',2),(2254,'Fayzabad',2),(2255,'Zaranj',2),(2256,'Charikar',2),(2257,'Tirin Kut',2),(2258,'Balkh',2),(2259,'Baghlan',2),(2260,'Luanda',3),(2261,'Huambo',3),(2262,'Moçâmedes',3),(2263,'Benguela',3),(2264,'Malanje',3),(2265,'Lubango',3),(2266,'Lobito',3),(2267,'N\'dalatando',3),(2268,'M\'banza-Kongo',3),(2269,'Ondjiva',3),(2270,'Luena',3),(2271,'Saurimo',3),(2272,'Caxito',3),(2273,'Waku Kungo',3),(2274,'Menongue',3),(2275,'Sumbe',3),(2276,'Dundo',3),(2277,'Ganda',3),(2278,'Gabela',3),(2279,'Cubal',3),(2280,'The Valley 2640',4),(2281,'Island Harbour 2640',4),(2282,'Blowing Point 2640',4),(2283,'Shoal Bay Village 2640',4),(2284,'Sandy Ground 2640',4),(2285,'Mariehamn',5),(2286,'Lemland 22610',5),(2287,'Finström 22410',5),(2288,'Kumlinge',5),(2289,'Geta',5),(2290,'Kökar 22730',5),(2291,'Vårdö 22550',5),(2292,'Saltvik 22430',5),(2293,'Hammarland 22240',5),(2294,'Jomala 22150',5),(2295,'Sund',5),(2296,'Lumparland 22630',5),(2297,'Föglö 22710',5),(2298,'Sottunga 22720',5),(2299,'Brändö 22920',5),(2300,'Eckerö 22270',5),(2301,'Kumlinge 22820',5),(2302,'Ödkarby 22320',5),(2303,'Godby 22410',5),(2304,'Sund 22520',5),(2305,'Berat',6),(2306,'Vlorë',6),(2307,'Gjirokaster',6),(2308,'Durrës',6),(2309,'Tirana',6),(2310,'Kruje',6),(2311,'Shkodër',6),(2312,'Elbasan',6),(2313,'Korçë',6),(2314,'Sarandë',6),(2315,'Pogradec',6),(2316,'Çorovoda',6),(2317,'Fier',6),(2318,'Kavajë',6),(2319,'Gramsh',6),(2320,'Patos',6),(2321,'Kamëz',6),(2322,'Lushnjë',6),(2323,'Poliçan',6),(2324,'Bajram Curri',6),(2325,'AD500 Andorra la Vella',7),(2326,'AD400 La Massana',7),(2327,'Encamp',7),(2328,'AD700 Les Escaldes',7),(2329,'AD200 El Pas de la Casa',7),(2330,'AD400 Arinsal',7),(2331,'AD300 El Serrat',7),(2332,'AD500 Santa Coloma',7),(2333,'AD300 Sornàs',7),(2334,'AD400 Pal',7),(2335,'AD600 Aubinyà',7),(2336,'AD400 Escàs',7),(2337,'AD300 Llorts',7),(2338,'AD600 Juberri',7),(2339,'AD200 Les Bons',7),(2340,'AD400 Sispony',7),(2341,'AD100 Ransol',7),(2342,'AD700 Engolasters',7),(2343,'AD200 Vila',7),(2344,'AD300 La Cortinada',7),(2345,'Abu Dhabi - United Arab Emirates',8),(2346,'Dubai - United Arab Emirates',8),(2347,'Al Ain - Abu Dhabi - United Arab Emirates',8),(2348,'Sharjah - United Arab Emirates',8),(2349,'Ajman - United Arab Emirates',8),(2350,'Khor Fakkan - Sharjah - United Arab Emirates',8),(2351,'Fujairah - United Arab Emirates',8),(2352,'Dibba Al-Hisn - Sharjah - United Arab Emirates',8),(2353,'Kalba - Sharjah - United Arab Emirates',8),(2354,'Mina Jebel Ali - Dubai - United Arab Emirates',8),(2355,'Fujairah - United Arab Emirates',8),(2356,'Sha\'am - Ras Al Khaimah - United Arab Emirates',8),(2357,'Al Sila\' - Abu Dhabi - United Arab Emirates',8),(2358,'Zayed City - Abu Dhabi - United Arab Emirates',8),(2359,'Al Jeer - Ras Al Khaimah - United Arab Emirates',8),(2360,'Buenos Aires',9),(2361,'La Plata',9),(2362,'Mar del Plata',9),(2363,'San Miguel de Tucumán',9),(2364,'Rosario',9),(2365,'Salta',9),(2366,'Mendoza',9),(2367,'San Nicolás de los Arroyos',9),(2368,'Pergamino',9),(2369,'San Salvador de Jujuy',9),(2370,'San Luis',9),(2371,'Azul',9),(2372,'Benito Juárez',9),(2373,'Carmen de Areco',9),(2374,'La Paz Department',9),(2375,'Córdoba',9),(2376,'Tigre',9),(2377,'Bahía Blanca',9),(2378,'Corrientes',9),(2379,'Quilmes',9),(2380,'Yerevan',10),(2381,'Gyumri',10),(2382,'Dilijan',10),(2383,'Vanadzor',10),(2384,'Ashtarak',10),(2385,'Vagharshapat',10),(2386,'Ijevan',10),(2387,'Alaverdi',10),(2388,'Hrazdan',10),(2389,'Jermuk',10),(2390,'Artashat',10),(2391,'Gavar',10),(2392,'Goris',10),(2393,'Abovyan',10),(2394,'Aparan',10),(2395,'Sevan',10),(2396,'Stepanavan',10),(2397,'Armavir',10),(2398,'Tsaghkadzor 2310',10),(2399,'Masis',10),(2400,'Pago Pago',11),(2401,'Vaitogi',11),(2402,'Aua',11),(2403,'Leone',11),(2404,'Faleniu',11),(2405,'Tafuna',11),(2406,'Mapusaga',11),(2407,'Fagatogo',11),(2408,'Malaeimi',11),(2409,'Alofau',11),(2410,'Taputimu',11),(2411,'Amouli',11),(2412,'Aoa',11),(2413,'Malaeloa/Ituau',11),(2414,'Anua',11),(2415,'Faga\'alu',11),(2416,'Faga\'itua',11),(2417,'Utulei',11),(2418,'Atu\'u',11),(2419,'Pagai',11),(2420,'Juan Carlos I Antarctic Base',12),(2421,'Villa Las Estrellas',12),(2422,'Antarctica',12),(2423,'Concordia Station',12),(2424,'Comandante Ferraz Antarctic Station',12),(2425,'Mount Brading',12),(2426,'Great Wall Station',12),(2427,'Pirrit Hills',12),(2428,'McMurdo Station',12),(2429,'Captain Arturo Prat Base',12),(2430,'Mount Atholl',12),(2431,'Base Yelcho',12),(2432,'Base General Bernardo O\'Higgins Riquelme',12),(2433,'Palmer Station',12),(2434,'Brand Peak',12),(2435,'Alexander Peak',12),(2436,'French Southern and Antarctic Lands',13),(2437,'St John\'s',14),(2438,'All Saints',14),(2439,'Codrington',14),(2440,'Piggotts',14),(2441,'Potters Village',14),(2442,'Swetes',14),(2443,'Bolands',14),(2444,'Cedar Grove',14),(2445,'Sea View Farm',14),(2446,'Clare Hall',14),(2447,'Old Road',14),(2448,'Willikies',14),(2449,'Saint Paul',14),(2450,'Urlings',14),(2451,'Freemans Village',14),(2452,'New Winthorpes',14),(2453,'Crosbies',14),(2454,'Bethesda',14),(2455,'Freemans',14),(2456,'Cobbs Cross',14),(2457,'Canberra ACT',15),(2458,'Sydney NSW',15),(2459,'Gold Coast QLD',15),(2460,'Perth WA',15),(2461,'Geelong VIC 3220',15),(2462,'Brisbane QLD',15),(2463,'Melbourne VIC',15),(2464,'Adelaide SA',15),(2465,'Cairns QLD',15),(2466,'Launceston TAS 7250',15),(2467,'Townsville City QLD 4810',15),(2468,'Ballarat VIC',15),(2469,'Darwin NT',15),(2470,'Hobart TAS 7000',15),(2471,'Newcastle NSW',15),(2472,'Wollongong NSW 2500',15),(2473,'Toowoomba QLD',15),(2474,'Warrnambool VIC 3280',15),(2475,'Mackay QLD 4740',15),(2476,'Bendigo VIC 3550',15),(2477,'Vienna',16),(2478,'Graz',16),(2479,'Innsbruck',16),(2480,'Klagenfurt am Wörthersee',16),(2481,'Bregenz',16),(2482,'Linz',16),(2483,'Salzburg',16),(2484,'Eisenstadt',16),(2485,'St Pölten',16),(2486,'Wels',16),(2487,'Villach',16),(2488,'6850 Dornbirn',16),(2489,'Mödling',16),(2490,'Wiener Neustadt',16),(2491,'2500 Baden bei Wien',16),(2492,'Hallein',16),(2493,'Traiskirchen',16),(2494,'Steyr',16),(2495,'Krems an der Donau',16),(2496,'Kufstein',16),(2497,'Ganja',17),(2498,'Sheki',17),(2499,'Mingecevir',17),(2500,'Baku',17),(2501,'Sumqayit',17),(2502,'Lankaran',17),(2503,'Shirvan',17),(2504,'Nakhchivan',17),(2505,'Yevlakh',17),(2506,'Goygol',17),(2507,'Khirdalan',17),(2508,'Astara',17),(2509,'Zaqatala',17),(2510,'Shabran',17),(2511,'Gadabay',17),(2512,'Dashkasan',17),(2513,'Qakh',17),(2514,'Balakan',17),(2515,'Gebele',17),(2516,'Naftalan',17),(2517,'Muyinga',18),(2518,'Gitega',18),(2519,'Rutana',18),(2520,'Kayanza',18),(2521,'Ruyigi',18),(2522,'Bubanza',18),(2523,'Bururi',18),(2524,'Muramvya',18),(2525,'Kirundo',18),(2526,'Makamba',18),(2527,'Cankuzo',18),(2528,'Cibitoke',18),(2529,'Karuzi',18),(2530,'Bujumbura',18),(2531,'Ngozi',18),(2532,'Kayogoro',18),(2533,'Mwaro',18),(2534,'Nyanza',18),(2535,'Kabezi',18),(2536,'Musenyi',18),(2537,'Brussels',19),(2538,'Antwerp',19),(2539,'Liège',19),(2540,'Namur',19),(2541,'Leuven',19),(2542,'Ghent',19),(2543,'Bruges',19),(2544,'Charleroi',19),(2545,'Kortrijk',19),(2546,'Aalst',19),(2547,'Vilvoorde',19),(2548,'Sint-Niklaas',19),(2549,'Verviers',19),(2550,'6200 Châtelet',19),(2551,'La Louvière',19),(2552,'Seraing',19),(2553,'Herstal',19),(2554,'8930 Menen',19),(2555,'Mechelen',19),(2556,'Geraardsbergen',19),(2557,'Cotonou',20),(2558,'Porto-Novo',20),(2559,'Abomey',20),(2560,'Natitingou',20),(2561,'Lokossa',20),(2562,'Save',20),(2563,'Come',20),(2564,'Dassa-Zoumé',20),(2565,'Cove',20),(2566,'Sam',20),(2567,'Parakou',20),(2568,'Bohicon',20),(2569,'Tchaourou',20),(2570,'Kandi',20),(2571,'Ouidah',20),(2572,'Djougou',20),(2573,'Malanville',20),(2574,'Ketou',20),(2575,'Sakete',20),(2576,'Dogbo',20),(2577,'Caribbean Netherlands',21),(2578,'Fada-Ngourma',22),(2579,'Banfora',22),(2580,'Ouahigouya',22),(2581,'Kaya',22),(2582,'Koudougou',22),(2583,'Ouagadougou',22),(2584,'Hounde',22),(2585,'Bobo-Dioulasso',22),(2586,'Dedougou',22),(2587,'Pouytenga',22),(2588,'Garango',22),(2589,'Koupela',22),(2590,'Kongoussi',22),(2591,'Gourcy',22),(2592,'Kombissiri',22),(2593,'Djibo',22),(2594,'Ziniare',22),(2595,'Zorgo',22),(2596,'Titao',22),(2597,'Dori',22),(2598,'Dhaka',23),(2599,'Narsingdi',23),(2600,'Mymensingh',23),(2601,'Sylhet',23),(2602,'Chattogram',23),(2603,'Naogaon',23),(2604,'Netrokona',23),(2605,'Baliakandi',23),(2606,'Khulna',23),(2607,'Rajshahi',23),(2608,'Habiganj',23),(2609,'Narayanganj',23),(2610,'Barishal',23),(2611,'Tongi',23),(2612,'Faridpur',23),(2613,'Tangail',23),(2614,'Panchagarh',23),(2615,'Khagrachari',23),(2616,'Bhairab',23),(2617,'Bogura',23),(2618,'Sofia',24),(2619,'Asenovgrad',24),(2620,'Kazanluk',24),(2621,'Gabrovo',24),(2622,'Ruse',24),(2623,'Nessebar',24),(2624,'Pazardzhik',24),(2625,'Pernik',24),(2626,'Burgas',24),(2627,'Yambol',24),(2628,'Varna',24),(2629,'Veliko Tarnovo',24),(2630,'Plovdiv',24),(2631,'Lovech',24),(2632,'8500 Aytos',24),(2633,'4225 Perushtitsa',24),(2634,'Veliki Preslav',24),(2635,'Provadia',24),(2636,'Karlovo',24),(2637,'Dimitrovgrad',24),(2638,'Manama',25),(2639,'Muharraq',25),(2640,'Arad',25),(2641,'Al Hajar',25),(2642,'Malkiya',25),(2643,'Salman City',25),(2644,'Barbar',25),(2645,'Riffa',25),(2646,'Hamad Town',25),(2647,'Isa Town',25),(2648,'Jidhafs',25),(2649,'Al Qaryah',25),(2650,'Al Qadam',25),(2651,'Murqoban',25),(2652,'Jid Ali',25),(2653,'Al Hidd',25),(2654,'Karbabad',25),(2655,'Jurdab',25),(2656,'Al Kharijiya',25),(2657,'Diplomatic Area',25),(2658,'Nassau',26),(2659,'Coopers Town',26),(2660,'Freeport',26),(2661,'Marsh Harbour',26),(2662,'Clarence Town',26),(2663,'Alice Town',26),(2664,'Matthew Town',26),(2665,'West End',26),(2666,'Nicholls Town',26),(2667,'Pirates Well',26),(2668,'Snug Corner',26),(2669,'Dunmore Town',26),(2670,'Arthur\'s Town',26),(2671,'Colonel Hill Settlement',26),(2672,'Duncan Town',26),(2673,'Port Nelson',26),(2674,'Rock Sound',26),(2675,'Andros Town',26),(2676,'George Town',26),(2677,'Cockburn Town',26),(2678,'Sarajevo',27),(2679,'88000 Mostar',27),(2680,'78000 Banja Luka',27),(2681,'Bijeljina',27),(2682,'Tuzla',27),(2683,'Trebinje',27),(2684,'Zenica',27),(2685,'Bihać',27),(2686,'Brčko',27),(2687,'Gradačac',27),(2688,'75270 Živinice',27),(2689,'Prijedor',27),(2690,'Ilidža',27),(2691,'Kalesija',27),(2692,'Tešanj',27),(2693,'Bosanska Krupa',27),(2694,'Konjic',27),(2695,'Doboj',27),(2696,'Jajce',27),(2697,'Travnik',27),(2698,'St Barthélemy',28),(2699,'Minsk',29),(2700,'Hrodna',29),(2701,'Brest',29),(2702,'Vitebsk',29),(2703,'Gomel',29),(2704,'Babruysk',29),(2705,'Polatsk',29),(2706,'Mogilev',29),(2707,'Barysaw',29),(2708,'Lida',29),(2709,'Mazyr',29),(2710,'Orsha',29),(2711,'Pinsk',29),(2712,'Baranavichy',29),(2713,'Byarozawka',29),(2714,'Navahrudak',29),(2715,'Žabinka',29),(2716,'Pastavy',29),(2717,'Zaslaŭje',29),(2718,'Biaroza',29),(2719,'Belize City',30),(2720,'Orange Walk',30),(2721,'San Ignacio',30),(2722,'San Pedro',30),(2723,'Belmopan',30),(2724,'Benque Viejo del Carmen',30),(2725,'Bullet Tree Falls',30),(2726,'Hattieville',30),(2727,'Gales Point',30),(2728,'Bermudian Landing',30),(2729,'Camalote',30),(2730,'Calcutta',30),(2731,'Chan Chen',30),(2732,'Ladyville',30),(2733,'Rock Stone Pond',30),(2734,'Dangriga',30),(2735,'Spanish Lookout',30),(2736,'Maskall',30),(2737,'Flowers Bank',30),(2738,'Sarteneja',30),(2739,'Hamilton',31),(2740,'St.George\'s',31),(2741,'Somerset Village',31),(2742,'Bolivia',32),(2743,'São Paulo',33),(2744,'Salvador - State of Bahia',33),(2745,'Rio de Janeiro',33),(2746,'Manaus',33),(2747,'Belém',33),(2748,'Belo Horizonte',33),(2749,'Curitiba',33),(2750,'Recife',33),(2751,'Fortaleza - Ceará',33),(2752,'Porto Alegre',33),(2753,'Goiânia',33),(2754,'Brasília',33),(2755,'Guarulhos - State of São Paulo',33),(2756,'Campinas - State of São Paulo',33),(2757,'Aracaju',33),(2758,'Natal',33),(2759,'Boa Vista',33),(2760,'Maceió - State of Alagoas',33),(2761,'João Pessoa',33),(2762,'São Luís',33),(2763,'Bridgetown',34),(2764,'Oistins',34),(2765,'Speightstown',34),(2766,'Holetown',34),(2767,'Saint James Barbados',34),(2768,'Saint John Barbados',34),(2769,'Carrington',34),(2770,'Breedy',34),(2771,'Brereton',34),(2772,'Three Houses',34),(2773,'Bathsheba',34),(2774,'Charnocks',34),(2775,'Black Rock',34),(2776,'Hopewell',34),(2777,'Hillaby',34),(2778,'Warrens',34),(2779,'Prospect',34),(2780,'Greenland',34),(2781,'Checker Hall',34),(2782,'ST.Martins',34),(2783,'Bandar Seri Begawan',35),(2784,'Seria',35),(2785,'Kuala Belait',35),(2786,'Muara',35),(2787,'Tutong',35),(2788,'Bangar',35),(2789,'Junjongan',35),(2790,'Kampung Sinarubai',35),(2791,'Tanjong Nangka',35),(2792,'Selayun',35),(2793,'Batong',35),(2794,'Kampung Peninjau',35),(2795,'Mulaut',35),(2796,'Katok',35),(2797,'Burong Pingai Berakas',35),(2798,'Kapok',35),(2799,'Kasat',35),(2800,'Kampung Lupak Luas',35),(2801,'Kampung Katimahar',35),(2802,'Batu Marang',35),(2803,'Thimphu',36),(2804,'Paro',36),(2805,'Punakha',36),(2806,'Phuentsholing',36),(2807,'Jakar',36),(2808,'Trongsa',36),(2809,'Wangdue Phodrang',36),(2810,'Gelephu',36),(2811,'Samdrup Jongkhar',36),(2812,'Nganglam',36),(2813,'Damphu',36),(2814,'Trashigang',36),(2815,'Mongar',36),(2816,'Samtse',36),(2817,'Gasa',36),(2818,'Chhukha',36),(2819,'Zhemgang',36),(2820,'Pemagatsel',36),(2821,'Bouvet Island',37),(2822,'Francistown',38),(2823,'Gaborone',38),(2824,'Mahalapye',38),(2825,'Kanye',38),(2826,'Serowe',38),(2827,'Molepolole',38),(2828,'Gabane',38),(2829,'Maun',38),(2830,'Jwaneng',38),(2831,'Palapye',38),(2832,'Mochudi',38),(2833,'Selebi Phikwe',38),(2834,'Ghanzi',38),(2835,'Otse',38),(2836,'Mmadinare',38),(2837,'Letlhakane',38),(2838,'Hukuntsi',38),(2839,'Tshabong',38),(2840,'Gweta',38),(2841,'Gumare',38),(2842,'Bangui',39),(2843,'Berbérati',39),(2844,'Bossangoa',39),(2845,'Bouar',39),(2846,'Kaga-Bandoro',39),(2847,'Bambari',39),(2848,'Bimbo',39),(2849,'Carnot',39),(2850,'Sibut',39),(2851,'Bangassou',39),(2852,'Mbaïki',39),(2853,'Bozoum',39),(2854,'Mobaye',39),(2855,'Birao',39),(2856,'Obo',39),(2857,'N\'Délé',39),(2858,'Nola',39),(2859,'Paoua',39),(2860,'Batangafo',39),(2861,'Bouca',39),(2862,'Toronto',40),(2863,'Québec City',40),(2864,'Vancouver',40),(2865,'Calgary',40),(2866,'Winnipeg',40),(2867,'Ottawa',40),(2868,'Edmonton',40),(2869,'St. John\'s',40),(2870,'Hamilton',40),(2871,'Victoria',40),(2872,'Saskatoon',40),(2873,'Fredericton',40),(2874,'Regina',40),(2875,'Windsor',40),(2876,'Halifax Regional Municipality',40),(2877,'Barrie',40),(2878,'Kelowna',40),(2879,'Kingston',40),(2880,'Thunder Bay',40),(2881,'Mississauga',40),(2882,'West Island',41),(2883,'Bantam Village',41),(2884,'Geneva',42),(2885,'Bern',42),(2886,'Lucerne',42),(2887,'Zürich',42),(2888,'Winterthur',42),(2889,'Basel',42),(2890,'Lausanne',42),(2891,'3800 Interlaken',42),(2892,'Chur',42),(2893,'Lugano',42),(2894,'Thun',42),(2895,'Aarau',42),(2896,'St Gallen',42),(2897,'Bellinzona',42),(2898,'Fribourg',42),(2899,'Rapperswil-Jona',42),(2900,'Baden',42),(2901,'1800 Vevey',42),(2902,'Neuhausen am Rheinfall',42),(2903,'1260 Nyon',42),(2904,'Santiago',43),(2905,'Valparaíso',43),(2906,'Antofagasta',43),(2907,'Iquique',43),(2908,'La Serena',43),(2909,'Concepción',43),(2910,'Viña del Mar',43),(2911,'Arica',43),(2912,'Calama',43),(2913,'Temuco',43),(2914,'Tocopilla',43),(2915,'Pucón',43),(2916,'Castro',43),(2917,'Punta Arenas',43),(2918,'Puerto Montt',43),(2919,'Coyhaique',43),(2920,'San Vicente de Tagua Tagua',43),(2921,'Lebu',43),(2922,'Copiapó',43),(2923,'Rancagua',43),(2924,'Beijing',44),(2925,'Chongqing',44),(2926,'Shanghai',44),(2927,'Mudanjiang',44),(2928,'Guangzhou',44),(2929,'Xi\'An',44),(2930,'Nanjing',44),(2931,'Chengdu',44),(2932,'Changsha',44),(2933,'Fuzhou',44),(2934,'Wuhan',44),(2935,'Harbin',44),(2936,'Shenyang',44),(2937,'Changchun',44),(2938,'Hangzhou',44),(2939,'Shenzhen',44),(2940,'Foshan',44),(2941,'Qingdao',44),(2942,'Dalian',44),(2943,'Jinan',44),(2944,'Abidjan',45),(2945,'Yamoussoukro',45),(2946,'Bouake',45),(2947,'Daloa',45),(2948,'Man',45),(2949,'San-Pedro',45),(2950,'Korhogo',45),(2951,'Divo',45),(2952,'Gagnoa',45),(2953,'Abengourou',45),(2954,'Anyama',45),(2955,'Odienne',45),(2956,'Dabou',45),(2957,'Bondoukou',45),(2958,'Danane',45),(2959,'Oume',45),(2960,'Boundiali',45),(2961,'Sinfra',45),(2962,'Ferkessédougou',45),(2963,'Grand-Bassam',45),(2964,'Garoua',46),(2965,'Yaoundé',46),(2966,'Bafoussam',46),(2967,'Bamenda',46),(2968,'Nkongsamba',46),(2969,'Maroua',46),(2970,'Douala',46),(2971,'Ngaoundere',46),(2972,'Buea',46),(2973,'Limbe',46),(2974,'Bertoua',46),(2975,'Kousseri',46),(2976,'Bali',46),(2977,'Ebolowa',46),(2978,'Kumba',46),(2979,'Dschang',46),(2980,'Mbouda',46),(2981,'Mokolo',46),(2982,'Tiko',46),(2983,'Bafut Sub-Division',46),(2984,'Baraka',47),(2985,'Demba',47),(2986,'Kiri Territory',47),(2987,'Lubao',47),(2988,'Vivi',47),(2989,'Kole',47),(2990,'Aru',47),(2991,'Kalima',47),(2992,'Kinshasa',47),(2993,'Sake',47),(2994,'Binga',47),(2995,'Boma',47),(2996,'Kinshasa',47),(2997,'Kalo',47),(2998,'Kongo-Dia-Kati',47),(2999,'Kasangulu',47),(3000,'Yakoma',47),(3001,'Bondo',47),(3002,'Bunagana',47),(3003,'Quartier Congo',48),(3004,'Lubao',48),(3005,'Demba',48),(3006,'Kongo',48),(3007,'Kiri Territory',48),(3008,'Kinshasa',48),(3009,'Avarua',49),(3010,'Amuri',49),(3011,'Arutanga',49),(3012,'Oneroa Village',49),(3013,'Tauhunu',49),(3014,'Kimiangatau',49),(3015,'Tengatangi Village',49),(3016,'Ngatiarua',49),(3017,'Mapumai',49),(3018,'Areora',49),(3019,'Tukao',49),(3020,'Teenui Village',49),(3021,'Bogotá',50),(3022,'Medellín',50),(3023,'Cartagena',50),(3024,'Barranquilla',50),(3025,'Cali',50),(3026,'Santa Marta',50),(3027,'Ibagué',50),(3028,'Popayán',50),(3029,'Manizales',50),(3030,'Yopal',50),(3031,'Bucaramanga',50),(3032,'Villavicencio',50),(3033,'Pasto',50),(3034,'Pereira',50),(3035,'Montería',50),(3036,'Riohacha',50),(3037,'Cúcuta',50),(3038,'Neiva',50),(3039,'Leticia',50),(3040,'Duitama',50),(3041,'Moroni',51),(3042,'Fomboni',51),(3043,'Domoni',51),(3044,'Mutsamudu',51),(3045,'Adda-Douéni',51),(3046,'Ouani',51),(3047,'Chandra',51),(3048,'Oussivo',51),(3049,'Djoièzi',51),(3050,'Démbeni',51),(3051,'Mitsamiouli',51),(3052,'Bimbini',51),(3053,'Bazimini',51),(3054,'Chironkamba',51),(3055,'Chindini',51),(3056,'Bahani',51),(3057,'Bandamadji Domba',51),(3058,'Dzahadjou',51),(3059,'Chouani',51),(3060,'Batsa',51),(3061,'Praia',52),(3062,'Assomada',52),(3063,'Espargos',52),(3064,'Pedra Badejo',52),(3065,'Mindelo',52),(3066,'Calheta de São Miguel',52),(3067,'Cova Figueira',52),(3068,'Cidade Velha',52),(3069,'Pombas',52),(3070,'Sal Rei',52),(3071,'Picos',52),(3072,'Ribeira Brava',52),(3073,'Nova Sintra',52),(3074,'Vila do Maio',52),(3075,'Tarrafal',52),(3076,'Ponta do Sol',52),(3077,'Joao Teves',52),(3078,'Santa Maria',52),(3079,'Tarrafal de São Nicolau',52),(3080,'Sao Filipe',52),(3081,'San José Province',53),(3082,'Limón Province',53),(3083,'Guanacaste Province',53),(3084,'Alajuela Province',53),(3085,'Puntarenas Province',53),(3086,'Cartago Province',53),(3087,'Heredia Province',53),(3088,'Alajuela Province',53),(3089,'Puntarenas Province',53),(3090,'San José Province',53),(3091,'Cartago Province',53),(3092,'Puntarenas Province',53),(3093,'Guanacaste Province',53),(3094,'Alajuela Province',53),(3095,'San José Province',53),(3096,'Puntarenas Province',53),(3097,'Limón Province',53),(3098,'Cartago Province',53),(3099,'San José Province',53),(3100,'San José Province',53),(3101,'Havana',54),(3102,'Camaguey',54),(3103,'Bayamo',54),(3104,'Las Tunas',54),(3105,'Santiago de Cuba',54),(3106,'Cienfuegos',54),(3107,'Santa Clara',54),(3108,'Matanzas',54),(3109,'Holguin',54),(3110,'Manzanillo',54),(3111,'Pinar del Río',54),(3112,'Nueva Gerona',54),(3113,'Guantanamo',54),(3114,'Artemisa',54),(3115,'Trinidad',54),(3116,'Baracoa',54),(3117,'Mayarí',54),(3118,'Ciego De Avila',54),(3119,'Sancti Spiritus',54),(3120,'San Jose de las Lajas',54),(3121,'Willemstad',55),(3122,'Lagun',55),(3123,'Sint Willibrordus',55),(3124,'Sint Michiel',55),(3125,'Soto',55),(3126,'Barber',55),(3127,'Otrobanda',55),(3128,'Tera Kora',55),(3129,'Santa Catharina',55),(3130,'Spaanse Water',55),(3131,'Santa Rosa',55),(3132,'Boka Samí',55),(3133,'Newport',55),(3134,'George Town',57),(3135,'Bodden Town',57),(3136,'West Bay',57),(3137,'East End',57),(3138,'North Side',57),(3139,'Limassol',58),(3140,'Larnaca',58),(3141,'Paphos',58),(3142,'Lefkosia',58),(3143,'Paralimni',58),(3144,'Chloraka',58),(3145,'Pyla',58),(3146,'Famagusta',58),(3147,'Athienou',58),(3148,'Akaki 2720',58),(3149,'Pano Deftera',58),(3150,'Xylotymvou',58),(3151,'Lythrodontas 2565',58),(3152,'Ormideia',58),(3153,'Xylofagou',58),(3154,'Yeroskipou',58),(3155,'Kiti',58),(3156,'Oroklini',58),(3157,'Peyia',58),(3158,'Geri',58),(3159,'Prague',59),(3160,'Liberec',59),(3161,'Ústí nad Labem',59),(3162,'České Budějovice',59),(3163,'Hradec Kralove',59),(3164,'Karlovy Vary',59),(3165,'Pilsen',59),(3166,'Brno',59),(3167,'Olomouc',59),(3168,'Frýdek-Místek',59),(3169,'Jihlava',59),(3170,'Kladno',59),(3171,'Havířov',59),(3172,'Děčín',59),(3173,'Ostrava',59),(3174,'Karvina',59),(3175,'Přerov',59),(3176,'Pardubice',59),(3177,'Teplice',59),(3178,'Mlada Boleslav',59),(3179,'Berlin',60),(3180,'Hamburg',60),(3181,'Munich',60),(3182,'Frankfurt',60),(3183,'Cologne',60),(3184,'Leipzig',60),(3185,'Düsseldorf',60),(3186,'Bremen',60),(3187,'Heidelberg',60),(3188,'Nuremberg',60),(3189,'Dresden',60),(3190,'Stuttgart',60),(3191,'Würzburg',60),(3192,'Aachen',60),(3193,'Bonn',60),(3194,'Freiburg im Breisgau',60),(3195,'Essen',60),(3196,'Bielefeld',60),(3197,'Augsburg',60),(3198,'Bremerhaven',60),(3199,'Djibouti',61),(3200,'Dikhil',61),(3201,'Tadjoura',61),(3202,'Obock',61),(3203,'Ali Sabieh',61),(3204,'Arta',61),(3205,'Assamo',61),(3206,'As Eyla',61),(3207,'Randa',61),(3208,'Assa Hougoud',61),(3209,'Arta',61),(3210,'Holhol',61),(3211,'Goubetto',61),(3212,'Yoboki',61),(3213,'Khôr \'Angar',61),(3214,'Ambouli',61),(3215,'Loyada',61),(3216,'Ali Adde',61),(3217,'Damerjog',61),(3218,'Galafi',61),(3219,'Berekua',62),(3220,'Portsmouth',62),(3221,'Marigot',62),(3222,'Mahaut',62),(3223,'Trafalgar',62),(3224,'Gallion',62),(3225,'Soufriere',62),(3226,'Castle Bruce',62),(3227,'Scotts Head',62),(3228,'Pointe Michel',62),(3229,'Colihaut',62),(3230,'Bellevue Chopin',62),(3231,'Laudat',62),(3232,'Pont Cassé',62),(3233,'Morne Prosper',62),(3234,'Boetica',62),(3235,'Fond St Jean',62),(3236,'Good Hope',62),(3237,'Wotten Waven',62),(3238,'Vieille Case',62),(3239,'Aarhus',63),(3240,'Odense',63),(3241,'Aalborg',63),(3242,'Esbjerg',63),(3243,'6000 Kolding',63),(3244,'Frederiksberg',63),(3245,'3000 Helsingør',63),(3246,'4000 Roskilde',63),(3247,'6100 Haderslev',63),(3248,'Randers',63),(3249,'Vejle',63),(3250,'6400 Sønderborg',63),(3251,'8700 Horsens',63),(3252,'7400 Herning',63),(3253,'Copenhagen',63),(3254,'5700 Svendborg',63),(3255,'7000 Fredericia',63),(3256,'7500 Holstebro',63),(3257,'3400 Hillerød',63),(3258,'8600 Silkeborg',63),(3259,'Santo Domingo',64),(3260,'57000 Puerto Plata',64),(3261,'La Romana',64),(3262,'81000 Barahona',64),(3263,'Santiago de los Caballeros',64),(3264,'23000 Higuey',64),(3265,'Boca Chica',64),(3266,'31000 San Francisco de Macorís',64),(3267,'42000 Bonao',64),(3268,'51000 Tamboril',64),(3269,'21000 San Pedro de Macorís',64),(3270,'San Juan de la Maguana',64),(3271,'41000 La Vega',64),(3272,'San Cristóbal Province',64),(3273,'94000 Baní',64),(3274,'Santo Domingo Este',64),(3275,'41000 Jarabacoa',64),(3276,'Los Alcarrizos',64),(3277,'56000 Moca',64),(3278,'91000 Bajos de Haina',64),(3279,'Constantine',65),(3280,'Algiers [El Djazaïr]',65),(3281,'Oran',65),(3282,'Djelfa',65),(3283,'Jijel',65),(3284,'Bordj Bou Arreridj',65),(3285,'Béchar',65),(3286,'Laghouat',65),(3287,'Chlef',65),(3288,'El Oued',65),(3289,'Aïn Beïda',65),(3290,'Bou Saada',65),(3291,'Aïn Oussera',65),(3292,'Khenchela',65),(3293,'Médéa',65),(3294,'Batna',65),(3295,'Tizi Ouzou',65),(3296,'Annaba',65),(3297,'Tiaret',65),(3298,'Relizane',65),(3299,'Quito',66),(3300,'Cuenca',66),(3301,'Guayaquil',66),(3302,'Loja',66),(3303,'Ambato',66),(3304,'Santo Domingo',66),(3305,'Manta',66),(3306,'Portoviejo',66),(3307,'Latacunga',66),(3308,'Machala',66),(3309,'Duran',66),(3310,'Esmeraldas',66),(3311,'Ibarra',66),(3312,'Milagro',66),(3313,'Quevedo',66),(3314,'Babahoyo',66),(3315,'La Libertad',66),(3316,'Banos',66),(3317,'Bahia de Caraquez',66),(3318,'Naranjal',66),(3319,'Cairo',67),(3320,'Alexandria',67),(3321,'Aswan',67),(3322,'Giza',67),(3323,'Luxor',67),(3324,'Faiyum',67),(3325,'Hurghada',67),(3326,'Port Said',67),(3327,'Asyut',67),(3328,'Zagazig',67),(3329,'Ismailia',67),(3330,'Qena',67),(3331,'Mansoura',67),(3332,'Tanta',67),(3333,'El-Mahalla El-Kubra',67),(3334,'Damietta',67),(3335,'Beni Suef',67),(3336,'Suez',67),(3337,'Shubra Al Khaymah',67),(3338,'Minya',67),(3339,'Asmara',68),(3340,'Mitsiwa',68),(3341,'Adi Keyh',68),(3342,'Dekemhare',68),(3343,'Barentu',68),(3344,'Idi',68),(3345,'Āssab',68),(3346,'Akordat',68),(3347,'Mendefera',68),(3348,'Nefasit',68),(3349,'Gīnda',68),(3350,'Senafe',68),(3351,'Beylul',68),(3352,'Keren',68),(3353,'Adi Kuala',68),(3354,'Segheneyti',68),(3355,'Nak\'fa',68),(3356,'Mersa Fatuma',68),(3357,'Tesseney',68),(3358,'Hazega',68),(3359,'Laayoune',69),(3360,'Samara',69),(3361,'El Marsa',69),(3362,'Bir Lehlou',69),(3363,'El Argoub',69),(3364,'Lamsid',69),(3365,'Tindouf',69),(3366,'Dakhla 73000',69),(3367,'Oued Ed-Dahab-Lagouira',69),(3368,'La Güera',69),(3369,'Awsard',69),(3370,'Bu Craa',69),(3371,'Tifariti',69),(3372,'Tichla',69),(3373,'Guelta Zemmur',69),(3374,'Bir Anzerane',69),(3375,'Al Mahbes',69),(3376,'Agounit',69),(3377,'Dora',69),(3378,'Ad Dchira',69),(3379,'Barcelona',70),(3380,'Madrid',70),(3381,'Seville',70),(3382,'Valencia',70),(3383,'Bilbao',70),(3384,'Zaragoza',70),(3385,'Málaga',70),(3386,'Alicante',70),(3387,'Granada',70),(3388,'Córdoba',70),(3389,'Palma',70),(3390,'Oviedo',70),(3391,'Almería',70),(3392,'Huelva',70),(3393,'Cádiz',70),(3394,'Girona',70),(3395,'Donostia-San Sebastian',70),(3396,'Jaén',70),(3397,'Tarragona',70),(3398,'Murcia',70),(3399,'Tallinn',71),(3400,'Narva',71),(3401,'Sillamäe',71),(3402,'Rakvere',71),(3403,'Kuressaare',71),(3404,'Haapsalu',71),(3405,'Tartu',71),(3406,'Elva',71),(3407,'Pärnu',71),(3408,'Kohtla-Järve',71),(3409,'Valga',71),(3410,'Maardu',71),(3411,'Keila',71),(3412,'Viljandi',71),(3413,'Võru',71),(3414,'Saue',71),(3415,'Paide',71),(3416,'Tapa',71),(3417,'Mustvee',71),(3418,'Jõhvi',71),(3419,'Addis Ababa',72),(3420,'Gondar',72),(3421,'Bahir Dar',72),(3422,'Aksum',72),(3423,'Mekele',72),(3424,'Adama',72),(3425,'Yirga Alem',72),(3426,'Goba',72),(3427,'Dire Dawa',72),(3428,'Jijiga',72),(3429,'Bishoftu',72),(3430,'Harar',72),(3431,'Hawassa',72),(3432,'Ziway',72),(3433,'Asosa',72),(3434,'Kombolcha',72),(3435,'Shashemene',72),(3436,'Arba Minch',72),(3437,'Dese',72),(3438,'Debre Markos',72),(3439,'Helsinki',73),(3440,'Turku',73),(3441,'Tampere',73),(3442,'Oulu',73),(3443,'Jyväskylä',73),(3444,'Kuopio',73),(3445,'Rovaniemi',73),(3446,'Lahti',73),(3447,'Joensuu',73),(3448,'Pori',73),(3449,'Espoo',73),(3450,'Lappeenranta',73),(3451,'Kouvola',73),(3452,'Porvoo',73),(3453,'Vantaa',73),(3454,'Savonlinna',73),(3455,'Hanko',73),(3456,'Imatra',73),(3457,'Seinäjoki',73),(3458,'Kotka',73),(3459,'Suva',74),(3460,'Labasa',74),(3461,'Ba',74),(3462,'Nausori',74),(3463,'Navua',74),(3464,'Vaileka',74),(3465,'Nadi',74),(3466,'Levuka',74),(3467,'Sigatoka',74),(3468,'Tavua',74),(3469,'Pacific Harbour',74),(3470,'Savusavu',74),(3471,'Lami',74),(3472,'Viseisei',74),(3473,'Deuba',74),(3474,'Navala',74),(3475,'Nabuna',74),(3476,'Lauwaki',74),(3477,'Korovou',74),(3478,'Vatukoula',74),(3479,'West Falkland',75),(3480,'Stanley FIQQ 1ZZ',75),(3481,'Douglas FIQQ 1ZZ',75),(3482,'San Carlos Settlement FIQQ 1ZZ',75),(3483,'FIQQ 1ZZ',75),(3484,'Port Louis FIQQ 1ZZ',75),(3485,'Fitzroy FIQQ 1ZZ',75),(3486,'New Island FIQQ 1ZZ',75),(3487,'845G+7W7',75),(3488,'North Arm FIQQ 1ZZ',75),(3489,'Saunders Island',75),(3490,'Port Howard FIQQ 1ZZ',75),(3491,'Salvador FIQQ 1ZZ',75),(3492,'Port San Carlos FIQQ 1ZZ',75),(3493,'Dos Lomas FIQQ 1ZZ',75),(3494,'Darwin FIQQ 1ZZ',75),(3495,'Port Stephens FIQQ 1ZZ',75),(3496,'Fox Bay West FIQQ 1ZZ',75),(3497,'Historic Dockyard Museum Stanley FK',75),(3498,'Mount Pleasant FIQQ 1ZZ',75),(3499,'Paris',76),(3500,'Marseille',76),(3501,'Bordeaux',76),(3502,'Nice',76),(3503,'Strasbourg',76),(3504,'Toulouse',76),(3505,'Lyon',76),(3506,'Montpellier',76),(3507,'Nantes',76),(3508,'Avignon',76),(3509,'Saint-Denis',76),(3510,'21000 Dijon',76),(3511,'Aix-en-Provence',76),(3512,'Le Havre',76),(3513,'Saint-Étienne',76),(3514,'86000 Poitiers',76),(3515,'Lille',76),(3516,'51100 Reims',76),(3517,'Rennes',76),(3518,'Grenoble',76),(3519,'Tórshavn',77),(3520,'Klaksvík',77),(3521,'Vágur',77),(3522,'Eiði',77),(3523,'Tvøroyri',77),(3524,'Hoyvík',77),(3525,'Viðareiði 750',77),(3526,'Hvalba',77),(3527,'Hvannasund',77),(3528,'Runavik',77),(3529,'Sandur 210',77),(3530,'Argir',77),(3531,'Famjin',77),(3532,'Sandavágur',77),(3533,'Leirvík',77),(3534,'Húsavík',77),(3535,'Porkeri',77),(3536,'Skálavík',77),(3537,'Sumba',77),(3538,'Hov',77),(3539,'Palikir',78),(3540,'Tafunsak',78),(3541,'Tofol',78),(3542,'Colonia',78),(3543,'Dinaey',78),(3544,'Rumung',78),(3545,'Kolonia',78),(3546,'Tchibanga',79),(3547,'Franceville',79),(3548,'Lambarene',79),(3549,'Oyem',79),(3550,'Port-Gentil',79),(3551,'Makokou',79),(3552,'Moanda',79),(3553,'Mouila',79),(3554,'Libreville',79),(3555,'Ntoum',79),(3556,'Mimongo',79),(3557,'Mekambo',79),(3558,'Bongoville',79),(3559,'Kango',79),(3560,'Nkolabona',79),(3561,'Eteke',79),(3562,'Bifoun',79),(3563,'Bitam',79),(3564,'Koulamoutou',79),(3565,'Akanda',79),(3566,'London',80),(3567,'Bristol',80),(3568,'Birmingham',80),(3569,'Leicester',80),(3570,'Nottingham',80),(3571,'York',80),(3572,'Southampton',80),(3573,'Bradford',80),(3574,'Plymouth',80),(3575,'Derby',80),(3576,'Hull',80),(3577,'Portsmouth',80),(3578,'City of London',80),(3579,'Chester',80),(3580,'Brighton',80),(3581,'Liverpool',80),(3582,'Peterborough',80),(3583,'Stoke-on-Trent',80),(3584,'Southend-on-Sea',80),(3585,'Manchester',80),(3586,'Georgia',81),(3587,'Atlanta',81),(3588,'Savannah',81),(3589,'Union City',81),(3590,'Albany',81),(3591,'Peachtree City',81),(3592,'Montgomery County',81),(3593,'Johnson County',81),(3594,'Pulaski County',81),(3595,'McDonough',81),(3596,'Roswell',81),(3597,'Woodstock',81),(3598,'Garden City',81),(3599,'Decatur',81),(3600,'Dodge County',81),(3601,'Brunswick',81),(3602,'Jonesboro',81),(3603,'Junction City',81),(3604,'Texas',81),(3605,'Twin City',81),(3606,'Saint Peter Port',82),(3607,'St Andrew',82),(3608,'St. Anne',82),(3609,'Lore City',82),(3610,'Salesville',82),(3611,'Pleasant City',82),(3612,'Quaker City',82),(3613,'Guernsey',82),(3614,'Old Washington',82),(3615,'Kimbolton',82),(3616,'Byesville',82),(3617,'Senecaville',82),(3618,'Accra',83),(3619,'Takoradi',83),(3620,'Kumasi',83),(3621,'Tamale',83),(3622,'Tema',83),(3623,'Cape Coast',83),(3624,'Sunyani',83),(3625,'Koforidua',83),(3626,'Techiman',83),(3627,'Obuasi',83),(3628,'Dome',83),(3629,'Ho',83),(3630,'Wa',83),(3631,'Bolgatanga',83),(3632,'Madina',83),(3633,'Kintampo',83),(3634,'Winneba',83),(3635,'Aflao',83),(3636,'Gbawe',83),(3637,'Suhum',83),(3638,'Tetouan',84),(3639,'Tangier',84),(3640,'Algeciras',84),(3641,'11360 San Roque',84),(3642,'11370 Los Barrios',84),(3643,'Kankan',85),(3644,'Gueckedou',85),(3645,'Kissidougou',85),(3646,'Nzerekore',85),(3647,'Macenta',85),(3648,'Conakry',85),(3649,'Dalaba',85),(3650,'Dabola',85),(3651,'Fria',85),(3652,'Labe',85),(3653,'Siguiri',85),(3654,'Tougue',85),(3655,'Kouroussa',85),(3656,'Coyah',85),(3657,'Dubreka',85),(3658,'Beyla',85),(3659,'Kindia',85),(3660,'Kamsar',85),(3661,'Manéah',85),(3662,'Mamou',85),(3663,'Pointe-à-Pitre',86),(3664,'Sainte-Rose',86),(3665,'Capesterre-Belle-Eau 97130',86),(3666,'Basse-Terre',86),(3667,'Petit-Bourg 97170',86),(3668,'Saint-François 97118',86),(3669,'Baie-Mahault 97122',86),(3670,'Sainte-Anne 97180',86),(3671,'Le Gosier',86),(3672,'Le Moule 97160',86),(3673,'Lamentin',86),(3674,'Les Abymes',86),(3675,'Bouillante',86),(3676,'Vieux-Habitants',86),(3677,'Saint-Claude',86),(3678,'Baillif',86),(3679,'Port-Louis',86),(3680,'Gourbeyre',86),(3681,'Pointe-Noire 97116',86),(3682,'Trois-Rivières',86),(3683,'Banjul',87),(3684,'Serrekunda',87),(3685,'Brikama',87),(3686,'Farafenni',87),(3687,'Bakau',87),(3688,'Basse Santa Su',87),(3689,'Sukuta',87),(3690,'Mansa Konko',87),(3691,'Kerewan',87),(3692,'Bansang',87),(3693,'Janjanbureh',87),(3694,'Gunjur',87),(3695,'Busumbala',87),(3696,'Abuko',87),(3697,'Nema Kunku',87),(3698,'Soma',87),(3699,'Banjulunding',87),(3700,'Tanji',87),(3701,'Kuntaur',87),(3702,'Jufureh',87),(3703,'Bissau',88),(3704,'Cacheu',88),(3705,'Bafatá',88),(3706,'Gabu',88),(3707,'Farim',88),(3708,'Catió',88),(3709,'Quinhámel',88),(3710,'Bissora',88),(3711,'Mansôa',88),(3712,'Quebo',88),(3713,'Canchungo',88),(3714,'Buba',88),(3715,'Boe',88),(3716,'Tombali',88),(3717,'Canchungo',88),(3718,'Fulacunda',88),(3719,'Bula',88),(3720,'Prabis',88),(3721,'Ingoré',88),(3722,'Nhacra',88),(3723,'Malabo',89),(3724,'Ebebiyin',89),(3725,'Mongomo',89),(3726,'Evinayong',89),(3727,'San Antonio de Palé',89),(3728,'Niefang',89),(3729,'Aconibe',89),(3730,'Añisoc',89),(3731,'Micomeseng',89),(3732,'Bata',89),(3733,'Luba',89),(3734,'Mengomeyén',89),(3735,'Mbini',89),(3736,'Cogo',89),(3737,'Acurenam',89),(3738,'Bicurga',89),(3739,'Nsang',89),(3740,'Machinda',89),(3741,'San Francisco Javier de Nkué',89),(3742,'Nsork',89),(3743,'Athens',90),(3744,'Thessaloniki',90),(3745,'Volos',90),(3746,'Ioannina',90),(3747,'Piraeus',90),(3748,'Heraklion',90),(3749,'Kavala',90),(3750,'Chania',90),(3751,'Patras',90),(3752,'Corinth 201 00',90),(3753,'Rhodes',90),(3754,'Nafplion',90),(3755,'Acharnes',90),(3756,'Chalcis 341 00',90),(3757,'Rafina 190 09',90),(3758,'Kalamata 241 00',90),(3759,'Corfu',90),(3760,'Edessa 582 00',90),(3761,'Kastoria 521 00',90),(3762,'Argos 212 00',90),(3763,'Gouyave',91),(3764,'St George\'s',91),(3765,'Grenville',91),(3766,'Becke Moui',91),(3767,'St Davids',91),(3768,'Morne Jaloux Ridge',91),(3769,'Calivigny',91),(3770,'Sauteurs',91),(3771,'Victoria',91),(3772,'Willis',91),(3773,'Grand Roy',91),(3774,'Chutz',91),(3775,'Elie Hall',91),(3776,'Belmont',91),(3777,'Bellevue',91),(3778,'Barique',91),(3779,'Deblando',91),(3780,'Morne Fendue',91),(3781,'Morne Longue',91),(3782,'Upper Pearl',91),(3783,'Nuuk',92),(3784,'Sisimiut 3911',92),(3785,'Aasiaat',92),(3786,'Qaqortoq',92),(3787,'Ilulissat',92),(3788,'Paamiut',92),(3789,'Ittoqqortoormiit',92),(3790,'Tasiilaq',92),(3791,'Upernavik',92),(3792,'Qasigiannguit',92),(3793,'Uummannaq',92),(3794,'Narsaq',92),(3795,'Qaanaaq',92),(3796,'Qeqertarsuaq',92),(3797,'Kangaatsiaq',92),(3798,'Kangerlussuaq',92),(3799,'Maniitsoq',92),(3800,'Narsarsuaq',92),(3801,'Kulusuk',92),(3802,'Nanortalik',92),(3803,'Guatemala City',93),(3804,'Antigua Guatemala',93),(3805,'Quetzaltenango',93),(3806,'Sololá',93),(3807,'Chimaltenango',93),(3808,'Chiquimula',93),(3809,'Retalhuleu',93),(3810,'Jalapa',93),(3811,'Escuintla',93),(3812,'Chichicastenango',93),(3813,'Puerto Barrios',93),(3814,'Cobán',93),(3815,'Zacapa',93),(3816,'Flores',93),(3817,'Jutiapa',93),(3818,'Mixco',93),(3819,'Santa Cruz del Quiché',93),(3820,'San Marcos',93),(3821,'Amatitlán',93),(3822,'Quiché Department',93),(3823,'Cayenne 97300',94),(3824,'Sinnamary 97315',94),(3825,'St Georges 97313',94),(3826,'Matoury 97351',94),(3827,'Mana',94),(3828,'Macouria 97355',94),(3829,'Remire-Montjoly 97354',94),(3830,'Grand-Santi',94),(3831,'Maripasoula 97370',94),(3832,'Tonate',94),(3833,'Cacao',94),(3834,'Camopi 97330',94),(3835,'Awala-Yalimapo',94),(3836,'Tonnegrande',94),(3837,'Bélizon',94),(3838,'Regina 97353',94),(3839,'Quanary 97380',94),(3840,'Montsinery-Tonnegrande 97356',94),(3841,'Saint-Elie 97312',94),(3842,'Papaichton',94),(3843,'Hagåtña',95),(3844,'Barrigada',95),(3845,'Sånta Rita-Sumai',95),(3846,'Hågat',95),(3847,'Tamuning',95),(3848,'Agana Heights',95),(3849,'Dededo',95),(3850,'Mangilao',95),(3851,'Sinajana',95),(3852,'Inalåhan',95),(3853,'Mongmong-Toto-Maite',95),(3854,'Malesso\'',95),(3855,'Chalan Pago Ordot',95),(3856,'Talo\'fo\'fo',95),(3857,'Humåtak',95),(3858,'Yona',95),(3859,'Piti',95),(3860,'Adacao',95),(3861,'Afame',95),(3862,'Asbeco',95),(3863,'Georgetown',96),(3864,'Rockstone',96),(3865,'New Amsterdam',96),(3866,'Linden',96),(3867,'Enterprise',96),(3868,'Rosehall',96),(3869,'Bartica',96),(3870,'Mahaicony',96),(3871,'Rosignol',96),(3872,'Skeldon',96),(3873,'Zeelandia',96),(3874,'Parika',96),(3875,'Ituni',96),(3876,'Vreed en Hoop',96),(3877,'Clonbrook',96),(3878,'Wel te Vreeden',96),(3879,'Crabwood Creek',96),(3880,'Santa Mission',96),(3881,'Fort Wellington',96),(3882,'Hong Kong',97),(3883,'Tsuen Wan New Town',97),(3884,'Kowloon City District',97),(3885,'Hong Kong Metropolitan Area',97),(3886,'City University of Hong Kong',97),(3887,'Central',97),(3888,'Central And Western District',97),(3889,'Sai Kung',97),(3890,'Sai Kung District',97),(3891,'Tuen Mun New Town',97),(3892,'Kowloon City',97),(3893,'Tai Po',97),(3894,'Metro City',97),(3895,'Tuen Mun District',97),(3896,'Southern District',97),(3897,'Sha Tin',97),(3898,'Laguna City',97),(3899,'Tsuen Wan District',97),(3900,'Hong Kong',97),(3901,'Stanley',97),(3902,'Heard Island and McDonald Islands',98),(3903,'San Pedro Sula',99),(3904,'La Ceiba',99),(3905,'Tegucigalpa',99),(3906,'Comayagua',99),(3907,'Choluteca',99),(3908,'Gracias',99),(3909,'Choloma',99),(3910,'Juticalpa',99),(3911,'Puerto Lempira',99),(3912,'Nacaome',99),(3913,'Ocotepeque',99),(3914,'Santa Rosa de Copan',99),(3915,'La Esperanza',99),(3916,'Coxen Hole',99),(3917,'Puerto Cortes',99),(3918,'Yuscaran',99),(3919,'Yoro',99),(3920,'Trujillo',99),(3921,'Danli',99),(3922,'Guaimaca',99),(3923,'Zagreb',100),(3924,'Zadar',100),(3925,'Split',100),(3926,'Bakar',100),(3927,'Dubrovnik',100),(3928,'Rijeka',100),(3929,'43240',100),(3930,'Šibenik',100),(3931,'Vrlika',100),(3932,'22300',100),(3933,'49240',100),(3934,'Pula',100),(3935,'Osijek',100),(3936,'Trogir',100),(3937,'Varaždin',100),(3938,'Bjelovar',100),(3939,'Biograd na Moru',100),(3940,'Belišće',100),(3941,'Karlovac',100),(3942,'Bol',100),(3943,'Port-au-Prince',101),(3944,'Jérémie',101),(3945,'Les Cayes',101),(3946,'Cap-Haitien',101),(3947,'Gonaïves',101),(3948,'Petion-Ville',101),(3949,'Port-de-Paix',101),(3950,'Léogâne',101),(3951,'Jacmel',101),(3952,'Saint-Marc',101),(3953,'Petit Goave',101),(3954,'Carrefour',101),(3955,'Fort Liberte',101),(3956,'Hinche',101),(3957,'Miragoane',101),(3958,'Delmas',101),(3959,'Croix-Des-Bouquets',101),(3960,'Baraderes',101),(3961,'Jean-Rabel',101),(3962,'Milot',101),(3963,'Budapest',102),(3964,'Szeged',102),(3965,'Baja',102),(3966,'Székesfehérvár',102),(3967,'Csongrád',102),(3968,'Tura',102),(3969,'Tamási',102),(3970,'Solt',102),(3971,'Debrecen',102),(3972,'Szentendre',102),(3973,'Miskolc',102),(3974,'Pécs',102),(3975,'Eger',102),(3976,'Siófok',102),(3977,'Esztergom',102),(3978,'Győr',102),(3979,'Kecskemét',102),(3980,'Sopron',102),(3981,'Hajdúszoboszló',102),(3982,'Tatabánya',102),(3983,'Jakarta',103),(3984,'Medan',103),(3985,'Padang',103),(3986,'Bandung',103),(3987,'Surabaya',103),(3988,'Banda Aceh',103),(3989,'Bandar Lampung City',103),(3990,'Kota Ambon',103),(3991,'Samarinda City',103),(3992,'Mataram City',103),(3993,'Manado',103),(3994,'Kendari',103),(3995,'Pontianak',103),(3996,'Pekanbaru',103),(3997,'Palembang',103),(3998,'Bukittinggi',103),(3999,'Batam',103),(4000,'Makassar',103),(4001,'Jayapura',103),(4002,'Balikpapan',103),(4003,'Douglas',104),(4004,'Castletown',104),(4005,'Laxey',104),(4006,'Port Erin',104),(4007,'Cregneash',104),(4008,'Port St Mary',104),(4009,'Ramsey',104),(4010,'Onchan',104),(4011,'Colby',104),(4012,'Ballabeg',104),(4013,'Union Mills',104),(4014,'Peel',104),(4015,'Port Soderick',104),(4016,'Dalby',104),(4017,'Ballaugh',104),(4018,'Derbyhaven',104),(4019,'Ballasalla',104),(4020,'Sulby',104),(4021,'Foxdale',104),(4022,'Glenmaye',104),(4023,'Mumbai',105),(4024,'Kolkata',105),(4025,'Chandigarh',105),(4026,'Bengaluru',105),(4027,'Hyderabad',105),(4028,'Chennai',105),(4029,'Agra',105),(4030,'Ahmedabad',105),(4031,'Visakhapatnam',105),(4032,'Surat',105),(4033,'Lucknow',105),(4034,'Nagpur',105),(4035,'Bhopal',105),(4036,'Amritsar',105),(4037,'Pune',105),(4038,'Nashik',105),(4039,'Patna',105),(4040,'Kanpur',105),(4041,'Varanasi',105),(4042,'Jaipur',105),(4043,'East Point Plantation BBND 1ZZ',106),(4044,'Three Brothers',106),(4045,'Ile du Coin',106),(4046,'Sea Cow Island',106),(4047,'Ile de la Passe',106),(4048,'Île Diamant',106),(4049,'Point Marianne BBND 1ZZ',106),(4050,'Ile Yeye',106),(4051,'Ile Boddam',106),(4052,'Danger Island',106),(4053,'Ile Anglaise',106),(4054,'Kilkenny',107),(4055,'Ireland',107),(4056,'Tehran',108),(4057,'Tabriz',108),(4058,'Bukan',108),(4059,'Qods',108),(4060,'Shahreza',108),(4061,'Malard',108),(4062,'Ferdows',108),(4063,'Abdanan',108),(4064,'Isfahan',108),(4065,'Yazd',108),(4066,'Kashan',108),(4067,'Ardabil',108),(4068,'Shiraz',108),(4069,'Mashhad',108),(4070,'Gorgan',108),(4071,'Yasuj',108),(4072,'Neyshabur',108),(4073,'Ilam',108),(4074,'Bam',108),(4075,'Hamedan',108),(4076,'Baghdad',109),(4077,'Mosul',109),(4078,'Hillah',109),(4079,'Ramadi',109),(4080,'Kut',109),(4081,'Shamiyah',109),(4082,'Al-Fallujah',109),(4083,'Al Diwaniyah',109),(4084,'Tikrit',109),(4085,'Amarah',109),(4086,'Karbala',109),(4087,'Najaf',109),(4088,'Baqubah',109),(4089,'Akre',109),(4090,'Alexandria',109),(4091,'Erbil',109),(4092,'Samawah',109),(4093,'Zakho',109),(4094,'Basrah',109),(4095,'Sulaymaniyah',109),(4096,'Reykjavík',110),(4097,'Akureyri',110),(4098,'Kópavogur',110),(4099,'Selfoss',110),(4100,'Ísafjörður',110),(4101,'Húsavík',110),(4102,'Seydisfjordur',110),(4103,'Keflavík',110),(4104,'Egilsstaðir',110),(4105,'Hafnarfjörður',110),(4106,'Höfn',110),(4107,'Sauðárkrókur',110),(4108,'Vik',110),(4109,'Reykjanesbær',110),(4110,'Stokkseyri',110),(4111,'Akranes',110),(4112,'820 Eyrarbakki',110),(4113,'Grindavik',110),(4114,'210 Garðabær',110),(4115,'Stykkishólmur',110),(4116,'Jerusalem',111),(4117,'Rishon LeTsiyon',111),(4118,'Petah Tikva',111),(4119,'Be\'er Sheva',111),(4120,'Ramat Gan',111),(4121,'Netanya',111),(4122,'Tel Aviv-Yafo',111),(4123,'Bat Yam',111),(4124,'Ashkelon',111),(4125,'Haifa',111),(4126,'Ashdod',111),(4127,'Bnei Brak',111),(4128,'Acre',111),(4129,'Nazareth',111),(4130,'Tiberias',111),(4131,'Herzliya',111),(4132,'Safed',111),(4133,'Rehovot',111),(4134,'Holon',111),(4135,'Giv\'atayim',111),(4136,'Venice',112),(4137,'Rome',112),(4138,'Florence',112),(4139,'Bologna',112),(4140,'Turin',112),(4141,'Naples',112),(4142,'Genoa',112),(4143,'Pisa',112),(4144,'Bari',112),(4145,'Milan',112),(4146,'Palermo',112),(4147,'Perugia',112),(4148,'Catania',112),(4149,'Verona',112),(4150,'Trieste',112),(4151,'Ravenna',112),(4152,'Parma',112),(4153,'Cagliari',112),(4154,'Ferrara',112),(4155,'Rimini',112),(4156,'Montego Bay',113),(4157,'Port Antonio',113),(4158,'Kingston',113),(4159,'Spanish Town',113),(4160,'Portmore',113),(4161,'Mandeville',113),(4162,'Savanna la Mar',113),(4163,'May Pen',113),(4164,'Falmouth',113),(4165,'Lucea',113),(4166,'Old Harbour',113),(4167,'Morant Bay',113),(4168,'Port Maria',113),(4169,'Black River',113),(4170,'Linstead',113),(4171,'Ewarton',113),(4172,'Ocho Rios',113),(4173,'Annotto Bay',113),(4174,'Bog Walk',113),(4175,'Discovery Bay',113),(4176,'St John',114),(4177,'St Helier',114),(4178,'Jersey',114),(4179,'Trinity',114),(4180,'St Clement',114),(4181,'St. Peter',114),(4182,'St Saviour',114),(4183,'St Mary',114),(4184,'St Lawrence',114),(4185,'St Martin',114),(4186,'Rozel',114),(4187,'Maufant',114),(4188,'St. Ouen',114),(4189,'Grouville',114),(4190,'Jersey City',114),(4191,'Madaba',115),(4192,'Aqaba',115),(4193,'Amman',115),(4194,'As-Salt',115),(4195,'Irbid',115),(4196,'Zarqa',115),(4197,'Al-Mafraq',115),(4198,'Ar-Ramtha',115),(4199,'Sahab',115),(4200,'Kerak',115),(4201,'Ma\'an',115),(4202,'Ein Al-Basha',115),(4203,'At-Tafilah',115),(4204,'Russeifa',115),(4205,'Jerash',115),(4206,'At Turrah',115),(4207,'Al-Husun',115),(4208,'Ash-Shajarah',115),(4209,'Na\'ur',115),(4210,'Al Jizah',115),(4211,'Tokyo',116),(4212,'Osaka',116),(4213,'Kyoto',116),(4214,'Nagoya',116),(4215,'Sapporo',116),(4216,'Yokohama',116),(4217,'Hiroshima',116),(4218,'Kobe',116),(4219,'Fukuoka',116),(4220,'Sendai',116),(4221,'Nara',116),(4222,'Saitama',116),(4223,'Kitakyushu',116),(4224,'Niigata',116),(4225,'Takayama',116),(4226,'Aomori',116),(4227,'Okayama',116),(4228,'Toyonaka',116),(4229,'Chiba',116),(4230,'Nagasaki',116),(4231,'Astana',117),(4232,'Almaty',117),(4233,'070000 Semey',117),(4234,'100000 Zhezqazghan',117),(4235,'Aktau',117),(4236,'Aktobe',117),(4237,'Atyrau',117),(4238,'070000 Oskemen',117),(4239,'110000 Arkalyk',117),(4240,'100000 Karaganda',117),(4241,'110000 Kostanay',117),(4242,'Baikonur',117),(4243,'140000 Pavlodar',117),(4244,'Taraz',117),(4245,'Shymkent',117),(4246,'Kyzylorda',117),(4247,'150000 Petropavl',117),(4248,'Turkistan',117),(4249,'020000 Kokshetau',117),(4250,'Taldykorgan',117),(4251,'Meru',118),(4252,'Isiolo',118),(4253,'Embu',118),(4254,'Nairobi',118),(4255,'Webuye',118),(4256,'Marsabit',118),(4257,'Kisumu',118),(4258,'Mombasa',118),(4259,'Eldoret',118),(4260,'Nakuru',118),(4261,'Emali',118),(4262,'Malindi',118),(4263,'Ugunja',118),(4264,'Naro Moru',118),(4265,'Lamu',118),(4266,'Kakamega',118),(4267,'Kericho',118),(4268,'Machakos',118),(4269,'Gede',118),(4270,'Nanyuki',118),(4271,'Bishkek',119),(4272,'Karakol',119),(4273,'Naryn',119),(4274,'Uzgen',119),(4275,'Tokmok',119),(4276,'Balykchy',119),(4277,'Jalal-Abad',119),(4278,'Isfana',119),(4279,'Osh',119),(4280,'Talas',119),(4281,'Kara Balta',119),(4282,'Bazar-Korgon',119),(4283,'Taşkomur',119),(4284,'Kochkor-Ata',119),(4285,'Kerben',119),(4286,'Suluktu‎',119),(4287,'Khaidarkan',119),(4288,'Kyzyl-Kiya',119),(4289,'Kant',119),(4290,'Nookat',119),(4291,'Krong Battambang',120),(4292,'Phnom Penh',120),(4293,'Preah Sihanouk',120),(4294,'Krong Kampot',120),(4295,'Krong Kampong Cham',120),(4296,'Krong Poi Pet',120),(4297,'Krong Siem Reap',120),(4298,'Kampong Thum',120),(4299,'Krong Khemara Phoumin',120),(4300,'Krong Chbar Mon',120),(4301,'Krong Svay Rieng',120),(4302,'Krong Kracheh',120),(4303,'Krong Pursat',120),(4304,'Krong Kampong Chhnang',120),(4305,'Krong Ta Khmau',120),(4306,'Sisophon',120),(4307,'Krong Doun Kaev',120),(4308,'Samraong',120),(4309,'Pailin Province',120),(4310,'Prey Veng',120),(4311,'Bairiki',121),(4312,'Bikenibeu',121),(4313,'Eita',121),(4314,'Tabwakea',121),(4315,'Temwaiku',121),(4316,'Taburao',121),(4317,'Utiroa',121),(4318,'Rungata',121),(4319,'Banana',121),(4320,'London',121),(4321,'Tabiauea',121),(4322,'Roreti',121),(4323,'Poland',121),(4324,'Antai',121),(4325,'Paris',121),(4326,'Banraeaba',121),(4327,'Autokia',121),(4328,'Taborio',121),(4329,'Tekarakan',121),(4330,'South Tarawa',121),(4331,'Basseterre',122),(4332,'Sandy Point Town',122),(4333,'Charlestown',122),(4334,'Monkey Hill',122),(4335,'Nicola Town',122),(4336,'Dieppe Bay Town',122),(4337,'Cayon',122),(4338,'Fig Tree',122),(4339,'St Pauls',122),(4340,'Church Ground',122),(4341,'Trinity',122),(4342,'Cotton Ground',122),(4343,'New Castle',122),(4344,'Boyd\'s',122),(4345,'Old Road Town',122),(4346,'Gingerland',122),(4347,'Ottley\'s',122),(4348,'Butlers',122),(4349,'Zion',122),(4350,'Challengers',122),(4351,'Seoul',123),(4352,'Incheon',123),(4353,'Busan',123),(4354,'Sejong-si',123),(4355,'Daegu',123),(4356,'Daejeon',123),(4357,'Ulsan',123),(4358,'Gwangju',123),(4359,'Suwon-si',123),(4360,'Anyang-si',123),(4361,'Seongnam-si',123),(4362,'Goyang-si',123),(4363,'Bucheon-si',123),(4364,'Changwon-si',123),(4365,'Gunpo-si',123),(4366,'Guri-si',123),(4367,'Gyeongju-si',123),(4368,'Jeju-si',123),(4369,'Andong-si',123),(4370,'Paju-si',123),(4371,'Kuwait City',124),(4372,'Mahboula',124),(4373,'Ahmadi',124),(4374,'Al Farwaniyah',124),(4375,'Al Jahra',124),(4376,'Abu Halifa',124),(4377,'Al Khiran',124),(4378,'Fahaheel',124),(4379,'Fintas',124),(4380,'Salmiya',124),(4381,'Mirqab',124),(4382,'Hawally',124),(4383,'Al-Qurain District',124),(4384,'Sabah Al Salem',124),(4385,'Al-Shuaiba',124),(4386,'Jabriya',124),(4387,'Zour',124),(4388,'Sulaibiya',124),(4389,'Mubarak Al-Kabeer',124),(4390,'Khaitan',124),(4391,'Vientiane',125),(4392,'Luang Prabang',125),(4393,'Pakse',125),(4394,'Phonsavan',125),(4395,'Muang Xai',125),(4396,'Thakhek',125),(4397,'Sainyabuli',125),(4398,'Salavan',125),(4399,'Savannakhet',125),(4400,'Huay Xai',125),(4401,'Attapeu',125),(4402,'Sekong',125),(4403,'Phôngsali',125),(4404,'Luang Namtha',125),(4405,'Vang Vieng',125),(4406,'Muang Champassak',125),(4407,'Kasi',125),(4408,'Phônhông',125),(4409,'Xeno',125),(4410,'Phonthong District',125),(4411,'Tripoli',126),(4412,'Beirut',126),(4413,'Sidon',126),(4414,'Tyre',126),(4415,'Zahlé',126),(4416,'Baalbek',126),(4417,'Nabatieh',126),(4418,'Jounieh',126),(4419,'Byblos',126),(4420,'Baabda',126),(4421,'Aley',126),(4422,'Bteghrine',126),(4423,'Aakkar',126),(4424,'Zgharta',126),(4425,'Jdeideh',126),(4426,'Bourj Hammoud',126),(4427,'Cornet Chahwan',126),(4428,'Baskinta',126),(4429,'Beit Chabeb',126),(4430,'Ras El Matn',126),(4431,'Monrovia',127),(4432,'Voinjama',127),(4433,'Gbarnga',127),(4434,'Buchanan',127),(4435,'Kakata',127),(4436,'Zwedru',127),(4437,'River Cess Town',127),(4438,'Ganta',127),(4439,'Greenville',127),(4440,'Bensonville',127),(4441,'Barclayville',127),(4442,'Tubmanburg',127),(4443,'Fish Town',127),(4444,'Sanniquellie',127),(4445,'Bopolu',127),(4446,'Harper',127),(4447,'Robertsport',127),(4448,'Yekepa',127),(4449,'Pleebo',127),(4450,'Paynesville',127),(4451,'Al Bayda',128),(4452,'Az-Zāwiyah',128),(4453,'Derna',128),(4454,'Ajdabiya',128),(4455,'Sabhā',128),(4456,'Tripoli',128),(4457,'Bani Waled',128),(4458,'Brega',128),(4459,'Garyan',128),(4460,'Ubari',128),(4461,'Gadamis',128),(4462,'Ghat',128),(4463,'Khoms',128),(4464,'Zuwara',128),(4465,'Awjilah',128),(4466,'Yefren',128),(4467,'Tarhunah',128),(4468,'Nalut',128),(4469,'Sabratah',128),(4470,'Mizdah',128),(4471,'Castries',129),(4472,'Canaries',129),(4473,'Vieux Fort',129),(4474,'Soufriere',129),(4475,'Micoud',129),(4476,'Anse La Raye',129),(4477,'Laborie',129),(4478,'Dennery',129),(4479,'Laborie',129),(4480,'Choiseul',129),(4481,'Babonneau',129),(4482,'Au Tabor',129),(4483,'Monchy',129),(4484,'Soucis',129),(4485,'Roseau',129),(4486,'Mon Repos',129),(4487,'Gros Islet',129),(4488,'Cas-en-Bas',129),(4489,'Cap Estate',129),(4490,'Micoud',129),(4491,'9490 Vaduz',130),(4492,'Schaan',130),(4493,'Triesenberg',130),(4494,'Triesen',130),(4495,'9496 Balzers',130),(4496,'Mauren',130),(4497,'Eschen',130),(4498,'Planken',130),(4499,'Gamprin',130),(4500,'Unterland',130),(4501,'Ebenholz',130),(4502,'Nendeln',130),(4503,'Rotenboden',130),(4504,'Silum',130),(4505,'9497 Steg',130),(4506,'9497 Gaflei',130),(4507,'9497 Masescha',130),(4508,'Sücka',130),(4509,'Wangerberg',130),(4510,'Schaanwald',130),(4511,'Colombo',131),(4512,'Kandy',131),(4513,'Jaffna',131),(4514,'Galle',131),(4515,'Trincomalee',131),(4516,'Sri Jayawardenepura Kotte',131),(4517,'Anuradhapura',131),(4518,'Ratnapura',131),(4519,'Negombo',131),(4520,'Dehiwala-Mount Lavinia',131),(4521,'Batticaloa',131),(4522,'Kalmunai',131),(4523,'Dambulla',131),(4524,'Kolonnawa',131),(4525,'Vavuniya',131),(4526,'Matale',131),(4527,'Gampaha',131),(4528,'Nuwara Eliya',131),(4529,'Matara',131),(4530,'Kalutara',131),(4531,'Maseru',132),(4532,'Qachas Nek',132),(4533,'Mafeteng',132),(4534,'Mokhotlong',132),(4535,'Teyateyaneng',132),(4536,'Butha Buthe',132),(4537,'Thaba-Tseka',132),(4538,'Mohales Hoek',132),(4539,'Leribe',132),(4540,'Quthing',132),(4541,'Hlotse',132),(4542,'Maputsoe',132),(4543,'Butha-Buthe',132),(4544,'Roma',132),(4545,'Berea Hills',132),(4546,'Malealea',132),(4547,'Pitseng',132),(4548,'Mazenod',132),(4549,'Thokoa',132),(4550,'Lejone',132),(4551,'Vilnius',133),(4552,'Kaunas',133),(4553,'Utena',133),(4554,'Anykščiai',133),(4555,'Alytus',133),(4556,'Radviliškis',133),(4557,'Plungė',133),(4558,'Šiauliai',133),(4559,'Klaipėda',133),(4560,'Druskininkai',133),(4561,'Telšiai',133),(4562,'Jonava',133),(4563,'Kėdainiai',133),(4564,'Marijampolė',133),(4565,'Panevėžys',133),(4566,'Visaginas',133),(4567,'Palanga',133),(4568,'Trakai',133),(4569,'Garliava',133),(4570,'Tauragė',133),(4571,'Luxembourg',134),(4572,'Diekirch',134),(4573,'Vianden',134),(4574,'Echternach',134),(4575,'Ettelbruck',134),(4576,'Dudelange',134),(4577,'Differdange',134),(4578,'Esch-sur-Alzette',134),(4579,'Remich',134),(4580,'Wiltz',134),(4581,'Rumelange',134),(4582,'Grevenmacher',134),(4583,'Clervaux',134),(4584,'Larochette',134),(4585,'Mersch',134),(4586,'Lamadelaine Pétange',134),(4587,'7410 Angelsberg Fischbach',134),(4588,'Ernzen Larochette',134),(4589,'Schoos Fischbach',134),(4590,'Fischbach',134),(4591,'Riga',135),(4592,'Jelgava',135),(4593,'Liepāja',135),(4594,'Jūrmala',135),(4595,'Daugavpils',135),(4596,'Dobele',135),(4597,'Tukums',135),(4598,'Rūjiena',135),(4599,'Aizpute',135),(4600,'Ventspils',135),(4601,'Sabile',135),(4602,'Smiltene',135),(4603,'Cesvaine',135),(4604,'Lubāna',135),(4605,'Ape',135),(4606,'Baldone',135),(4607,'Kuldīga',135),(4608,'Cēsis',135),(4609,'Rēzekne',135),(4610,'Valmiera',135),(4611,'Macao',136),(4612,'St Martin',137),(4613,'Quarter of Orleans 97150',137),(4614,'Collectivity of Saint Martin',137),(4615,'Saint Martin',137),(4616,'Fes',138),(4617,'Rabat',138),(4618,'Meknes',138),(4619,'Marrakesh',138),(4620,'Tangier',138),(4621,'Casablanca',138),(4622,'Tetouan',138),(4623,'Agadir 80000',138),(4624,'Essaouira',138),(4625,'El Jadida',138),(4626,'Oujda',138),(4627,'Al Hoceima',138),(4628,'Errachidia',138),(4629,'Khenifra',138),(4630,'Midelt',138),(4631,'Azrou',138),(4632,'Guelmim 81000',138),(4633,'Salé',138),(4634,'Tiznit 85000',138),(4635,'Safi',138),(4636,'Monaco City',139),(4637,'La Condamine',139),(4638,'06240 Beausoleil',139),(4639,'06360 Èze',139),(4640,'06190 Roquebrune-Cap-Martin',139),(4641,'06320 Cap-d\'Ail',139),(4642,'Saint-Jean-Cap-Ferrat',139),(4643,'06320 La Turbie',139),(4644,'Beaulieu-sur-Mer',139),(4645,'06230 Villefranche-sur-Mer',139),(4646,'Chișinău',140),(4647,'Soroca',140),(4648,'Bender',140),(4649,'Orhei',140),(4650,'Hînceşti',140),(4651,'Edineţ',140),(4652,'Drochia',140),(4653,'Ceadîr-Lunga',140),(4654,'Comrat',140),(4655,'Bălți',140),(4656,'Rîbniţa',140),(4657,'Tiraspol',140),(4658,'Cahul',140),(4659,'Ungheni',140),(4660,'Ialoveni',140),(4661,'Vulcănești',140),(4662,'Camenca',140),(4663,'Dondușeni',140),(4664,'Otaci',140),(4665,'Glodeni',140),(4666,'Antananarivo',141),(4667,'Fianarantsoa',141),(4668,'Toamasina',141),(4669,'Antsirabe',141),(4670,'Antsiranana',141),(4671,'Mahajanga',141),(4672,'Toliara',141),(4673,'Sambava',141),(4674,'Taolagnaro',141),(4675,'Morondava',141),(4676,'Antanifotsy',141),(4677,'Hell-Ville',141),(4678,'Ambatolampy',141),(4679,'Farafagana',141),(4680,'Fenoarivo',141),(4681,'Ambanja',141),(4682,'Antalaha',141),(4683,'Betafo',141),(4684,'Avironimamo',141),(4685,'Maevatanana',141),(4686,'Malé',142),(4687,'Addu City',142),(4688,'Mexico City',143),(4689,'Guadalajara',143),(4690,'Oaxaca',143),(4691,'Heroica Veracruz',143),(4692,'Ciudad Juárez',143),(4693,'Puebla',143),(4694,'Monterrey',143),(4695,'Agricultura 4-A',143),(4696,'Cancún',143),(4697,'Santiago de Querétaro',143),(4698,'Durango',143),(4699,'Tijuana',143),(4700,'Ciudad Nezahualcóyotl',143),(4701,'Puerto Vallarta',143),(4702,'Chimalhuacán',143),(4703,'Ciudad López Mateos',143),(4704,'Chilpancingo',143),(4705,'Ciudad del Carmen',143),(4706,'Aguascalientes',143),(4707,'Leon',143),(4708,'Ajeltake',144),(4709,'Majuro Atoll',144),(4710,'Mili Atoll',144),(4711,'Majuro',144),(4712,'Aur Atoll',144),(4713,'Lae Atoll',144),(4714,'Laura',144),(4715,'Marshall Islands',144),(4716,'Utirik Atoll',144),(4717,'Wotho Atoll',144),(4718,'Omelek Island',144),(4719,'Wotje Atoll',144),(4720,'379V+FQ8',144),(4721,'Prilep',145),(4722,'Strumica',145),(4723,'Kratovo',145),(4724,'Makedonski Brod',145),(4725,'Kičevo',145),(4726,'Resen',145),(4727,'Demir Kapija',145),(4728,'Berovo',145),(4729,'Debar',145),(4730,'Gevgelija',145),(4731,'Kriva Palanka',145),(4732,'Ohrid',145),(4733,'Bitola',145),(4734,'Veles',145),(4735,'Radovish',145),(4736,'Shtip',145),(4737,'Krushevo',145),(4738,'Demir Hisar',145),(4739,'Skopje',145),(4740,'Makedonska Kamenitsa',145),(4741,'Sikasso',146),(4742,'Segou',146),(4743,'Bamako',146),(4744,'Bougouni',146),(4745,'Goundam',146),(4746,'Mopti',146),(4747,'Koutiala',146),(4748,'Nioro du Sahel',146),(4749,'Kayes',146),(4750,'Timbuktu',146),(4751,'Koulikoro',146),(4752,'Gao',146),(4753,'Djenne',146),(4754,'Bandiagara',146),(4755,'Douentza',146),(4756,'Diré',146),(4757,'San',146),(4758,'Yorosso',146),(4759,'Kita',146),(4760,'Tenenkou',146),(4761,'Valletta',147),(4762,'Cospicua',147),(4763,'Mdina',147),(4764,'Birgu',147),(4765,'Senglea',147),(4766,'Żabbar',147),(4767,'Victoria',147),(4768,'Żebbuġ',147),(4769,'Qormi',147),(4770,'Siġġiewi',147),(4771,'Żejtun',147),(4772,'St Julian\'s',147),(4773,'Sliema',147),(4774,'Mellieħa',147),(4775,'Marsaxlokk',147),(4776,'Mosta',147),(4777,'Naxxar',147),(4778,'Msida',147),(4779,'San Ġwann',147),(4780,'Rabat',147),(4781,'Yangon',148),(4782,'Mandalay',148),(4783,'Naypyidaw',148),(4784,'Bago',148),(4785,'Mawlamyine',148),(4786,'Monywa',148),(4787,'Taunggyi',148),(4788,'Pathein',148),(4789,'Meiktila',148),(4790,'Sittwe',148),(4791,'Myeik',148),(4792,'Magway',148),(4793,'Hakha',148),(4794,'Thanlyin',148),(4795,'Loikaw',148),(4796,'Pyin Oo Lwin',148),(4797,'Myitkyina',148),(4798,'Thaton',148),(4799,'Hpa-An',148),(4800,'Pyay',148),(4801,'Podgorica',149),(4802,'Herceg Novi',149),(4803,'Cetinje',149),(4804,'Ulcinj',149),(4805,'Tivat',149),(4806,'Budva',149),(4807,'Kotor',149),(4808,'Bar',149),(4809,'Niksic',149),(4810,'Berane',149),(4811,'Žabljak',149),(4812,'Andrijevica',149),(4813,'Kolasin',149),(4814,'Šavnik',149),(4815,'Pljevlja',149),(4816,'Bijelo Polje',149),(4817,'Gusinje',149),(4818,'Danilovgrad',149),(4819,'Mojkovac',149),(4820,'Rozaje',149),(4821,'Ulaanbaatar',150),(4822,'Khovd',150),(4823,'Choibalsan',150),(4824,'Ölgii',150),(4825,'Murun',150),(4826,'Ulaangom',150),(4827,'Darkhan',150),(4828,'Arvaikheer',150),(4829,'Sainshand',150),(4830,'Erdenet',150),(4831,'Bayankhongor',150),(4832,'Chinggis',150),(4833,'Kharkhorin',150),(4834,'Tsetserleg',150),(4835,'Uliastai',150),(4836,'Mandalgovi',150),(4837,'Zuunmod',150),(4838,'Dalanzadgad',150),(4839,'Bulgan',150),(4840,'Baruun-Urt',150),(4841,'Capitol Hill',151),(4842,'Chalan Kiya',151),(4843,'As Matuis',151),(4844,'Sinapalo',151),(4845,'Garapan',151),(4846,'San Vicente',151),(4847,'Chalan Kanoa III',151),(4848,'San Jose',151),(4849,'Kagman',151),(4850,'Gualo Rai',151),(4851,'Koblerville',151),(4852,'San Antonio',151),(4853,'Navy Hill',151),(4854,'Chalan Piao',151),(4855,'Afetnas',151),(4856,'As Lito',151),(4857,'Achugao',151),(4858,'Laulau Bay',151),(4859,'As Perdido',151),(4860,'Susupe',151),(4861,'Nampula',152),(4862,'Pemba',152),(4863,'Maputo',152),(4864,'Chimoio',152),(4865,'Lichinga',152),(4866,'Beira',152),(4867,'Tete',152),(4868,'Quelimane',152),(4869,'Inhambane',152),(4870,'Xai-Xai',152),(4871,'Matola',152),(4872,'Nacala',152),(4873,'Angoche',152),(4874,'Maxixe',152),(4875,'Mocuba',152),(4876,'Cuamba',152),(4877,'Gurue',152),(4878,'Montepuez',152),(4879,'Chokwe',152),(4880,'Dondo',152),(4881,'Nouadhibou',153),(4882,'Atar',153),(4883,'Nouakchott',153),(4884,'Kiffa',153),(4885,'Zouérat',153),(4886,'Kaédi',153),(4887,'Sélibaby',153),(4888,'Aleg',153),(4889,'Néma',153),(4890,'Akjoujt',153),(4891,'Tidjikja',153),(4892,'Ayoun el Atrous',153),(4893,'Guérou',153),(4894,'Timbédra',153),(4895,'Bogué',153),(4896,'Sori Malé',153),(4897,'Boû Gâdoûm',153),(4898,'Boû Steïlé',153),(4899,'Rosso',153),(4900,'Boutilimit',153),(4901,'Brades',154),(4902,'Plymouth',154),(4903,'Little Bay',154),(4904,'Davy Hill',154),(4905,'Weekes',154),(4906,'Salem',154),(4907,'Gerald\'s',154),(4908,'08294 El Bruc',154),(4909,'Monistrol de Montserrat',154),(4910,'Collbató',154),(4911,'Fort-de-France',155),(4912,'Le Robert',155),(4913,'La Trinité',155),(4914,'Le François',155),(4915,'Ducos',155),(4916,'Gros-Morne',155),(4917,'Sainte-Marie',155),(4918,'Le Lamentin',155),(4919,'Sainte-Luce',155),(4920,'Saint-Joseph',155),(4921,'Les Trois-Îlets',155),(4922,'Rivière-Pilote',155),(4923,'Le Marin',155),(4924,'Saint-Pierre',155),(4925,'Le Vauclin',155),(4926,'Saint-Esprit',155),(4927,'Le Morne Rouge',155),(4928,'Le Lorrain',155),(4929,'Sainte-Anne',155),(4930,'Les Anses-d\'Arlet',155),(4931,'Mahebourg',156),(4932,'Curepipe',156),(4933,'Quatre Bornes',156),(4934,'Port Louis',156),(4935,'Goodlands',156),(4936,'Vacoas-Phoenix',156),(4937,'Beau Bassin-Rose Hill',156),(4938,'Triolet',156),(4939,'Central Flacq',156),(4940,'Grand Gaube',156),(4941,'Bel Air',156),(4942,'Le Hochet',156),(4943,'Rose Belle',156),(4944,'Grand Baie',156),(4945,'Moka',156),(4946,'St Pierre',156),(4947,'Plaine Magnien',156),(4948,'Chemin Grenier',156),(4949,'Terre Rouge',156),(4950,'Tombeau Bay',156),(4951,'Lilongwe',157),(4952,'Zomba',157),(4953,'Salima',157),(4954,'Karonga',157),(4955,'Kasungu',157),(4956,'Mulanje',157),(4957,'Dedza',157),(4958,'Blantyre',157),(4959,'Limbe',157),(4960,'Likoma',157),(4961,'Mua',157),(4962,'Aaron',157),(4963,'Mangochi',157),(4964,'Mzuzu',157),(4965,'Mzimba',157),(4966,'Chitipa',157),(4967,'Balaka',157),(4968,'Nkhata Bay',157),(4969,'Nkhotakota',157),(4970,'Chiradzulu',157),(4971,'Kuala Lumpur',158),(4972,'George Town',158),(4973,'Malacca',158),(4974,'Kota Kinabalu',158),(4975,'Kuching',158),(4976,'Kuala Terengganu',158),(4977,'Ipoh',158),(4978,'Kuantan',158),(4979,'Johor Bahru',158),(4980,'Seremban',158),(4981,'Petaling Jaya',158),(4982,'Shah Alam',158),(4983,'Sandakan',158),(4984,'Tawau',158),(4985,'Klang',158),(4986,'Putrajaya',158),(4987,'Kuala Selangor',158),(4988,'Kota Bharu',158),(4989,'Alor Setar',158),(4990,'Miri',158),(4991,'Mamoudzou',159),(4992,'Boueni',159),(4993,'Bandrele',159),(4994,'Bandraboua',159),(4995,'Pamanzi',159),(4996,'Dzaoudzi',159),(4997,'Mtsamboro',159),(4998,'Chirongui',159),(4999,'Koungou',159),(5000,'Chiconi',159),(5001,'Ouangani 97670',159),(5002,'Kanikeli',159),(5003,'Dembeni 97660',159),(5004,'Sada',159),(5005,'Acoua',159),(5006,'Tsingoni 97680',159),(5007,'M\'Tsangamouji',159),(5008,'Longoni',159),(5009,'Kaweni',159),(5010,'Passamainty',159),(5011,'Windhoek',160),(5012,'Swakopmund',160),(5013,'Walvis Bay',160),(5014,'Keetmanshoop',160),(5015,'Gobabis',160),(5016,'Otjiwarongo',160),(5017,'Luderitz',160),(5018,'Tsumeb',160),(5019,'Oshakati',160),(5020,'Hentiesbaai',160),(5021,'Rehoboth',160),(5022,'Usakos',160),(5023,'Mariental',160),(5024,'Grootfontein',160),(5025,'Karibib',160),(5026,'Okahandja',160),(5027,'Katima Mulilo',160),(5028,'Outjo',160),(5029,'Outapi',160),(5030,'Rundu',160),(5031,'Nouméa 98800',161),(5032,'Bourail',161),(5033,'Dumbea',161),(5034,'Mont-Dore',161),(5035,'Poindimie',161),(5036,'Paita',161),(5037,'Houailou',161),(5038,'Kone',161),(5039,'Yate',161),(5040,'Canala',161),(5041,'We',161),(5042,'Koumac',161),(5043,'Thio',161),(5044,'Mouidou',161),(5045,'La Foa',161),(5046,'Bouloupari',161),(5047,'Mare',161),(5048,'Kaewatine',161),(5049,'Plum',161),(5050,'Lifou',161),(5051,'Niamey',162),(5052,'Zinder',162),(5053,'Maradi',162),(5054,'Birnin Konni',162),(5055,'Dosso',162),(5056,'Tessaoua',162),(5057,'Mayahi',162),(5058,'Aguié',162),(5059,'Illéla',162),(5060,'Madaoua',162),(5061,'Tânout',162),(5062,'Agadez',162),(5063,'Bouza',162),(5064,'Tahoua',162),(5065,'Dogondoutchi',162),(5066,'Filingué',162),(5067,'Abalak',162),(5068,'N\'Guigmi',162),(5069,'Matameye',162),(5070,'Dakoro',162),(5071,'Burnt Pine 2899',163),(5072,'Kingston',163),(5073,'Norfolk Island',163),(5074,'Norfolk Island',163),(5075,'41 Longridge Rd',163),(5076,'XWMV+J8',163),(5077,'103 Martins Road',163),(5078,'Nepean Island',163),(5079,'Aba',164),(5080,'Lagos',164),(5081,'Kano',164),(5082,'Benin City',164),(5083,'Ibadan',164),(5084,'Port Harcourt',164),(5085,'Abuja',164),(5086,'Maiduguri',164),(5087,'Jos',164),(5088,'Ilorin',164),(5089,'Zaria',164),(5090,'Enugu',164),(5091,'Mokwa',164),(5092,'Onitsha South',164),(5093,'Ife North',164),(5094,'Ikorodu',164),(5095,'Kaduna 800283',164),(5096,'Ogbomosho',164),(5097,'Onitsha',164),(5098,'Awka',164),(5099,'Managua',165),(5100,'León',165),(5101,'Granada',165),(5102,'Matagalpa',165),(5103,'Chinandega',165),(5104,'Masaya',165),(5105,'Esteli',165),(5106,'Tipitapa',165),(5107,'Jinotega',165),(5108,'Boaco',165),(5109,'El Viejo',165),(5110,'Nueva Guinea',165),(5111,'Ocotal',165),(5112,'Nandaime',165),(5113,'Bluefields',165),(5114,'La Paz Centro',165),(5115,'Rivas',165),(5116,'Acoyapa',165),(5117,'Diriamba',165),(5118,'Ticuantepe',165),(5119,'Alofi',166),(5120,'Avatele',166),(5121,'Namukulu',166),(5122,'Hakupu',166),(5123,'Mutalau',166),(5124,'Liku',166),(5125,'Makefu',166),(5126,'Lakepa',166),(5127,'Tuapa',166),(5128,'Toi',166),(5129,'Hikutavake',166),(5130,'Vaiea',166),(5131,'Amsterdam',167),(5132,'Rotterdam',167),(5133,'Breda',167),(5134,'Maastricht',167),(5135,'Arnhem',167),(5136,'Utrecht',167),(5137,'Delft',167),(5138,'Amersfoort',167),(5139,'Leiden',167),(5140,'The Hague',167),(5141,'Houten',167),(5142,'Gouda',167),(5143,'Eindhoven',167),(5144,'Groningen',167),(5145,'Nijmegen',167),(5146,'Elburg',167),(5147,'Sloten',167),(5148,'Haarlem',167),(5149,'Middelburg',167),(5150,'Dordrecht',167),(5151,'Oslo',168),(5152,'Bergen',168),(5153,'Trondheim',168),(5154,'Stavanger',168),(5155,'Ålesund',168),(5156,'Kristiansand',168),(5157,'Drammen',168),(5158,'Lillehammer',168),(5159,'Bodø',168),(5160,'Haugesund',168),(5161,'Molde',168),(5162,'Tromsø',168),(5163,'Hamar',168),(5164,'Arendal',168),(5165,'Narvik',168),(5166,'Skien Municipality',168),(5167,'Sandefjord',168),(5168,'Sandnes',168),(5169,'Tromsø Municipality',168),(5170,'Halden',168),(5171,'Pokhara',169),(5172,'Kathmandu 44600',169),(5173,'Biratnagar 56613',169),(5174,'Lalitpur',169),(5175,'Dharan',169),(5176,'Birgunj',169),(5177,'Bharatpur 44200',169),(5178,'Bhaktapur',169),(5179,'Janakpur',169),(5180,'Nepalgunj',169),(5181,'Hetauda',169),(5182,'Dhangadhi',169),(5183,'Itahari',169),(5184,'Butwal',169),(5185,'Panauti',169),(5186,'Baglung',169),(5187,'Kirtipur 44600',169),(5188,'Tulsipur',169),(5189,'Ilam 57300',169),(5190,'Dhankuta',169),(5191,'Yangor',170),(5192,'Aiwo',170),(5193,'Uaboe',170),(5194,'Nibok',170),(5195,'Yaren',170),(5196,'Anabar',170),(5197,'Arijejen',170),(5198,'Nauru',170),(5199,'Orro',170),(5200,'Anibare',170),(5201,'Yaren',170),(5202,'Boe',170),(5203,'Ewa',170),(5204,'Meneng',170),(5205,'Ijuw',170),(5206,'Anabar',170),(5207,'Baiti',170),(5208,'Denigomodu',170),(5209,'Anetan',170),(5210,'Boe',170),(5211,'Auckland',171),(5212,'Christchurch',171),(5213,'Wellington',171),(5214,'Dunedin',171),(5215,'Hamilton',171),(5216,'Rotorua',171),(5217,'Nelson',171),(5218,'Tauranga',171),(5219,'Napier',171),(5220,'Invercargill',171),(5221,'Whangārei',171),(5222,'Palmerston North',171),(5223,'New Plymouth',171),(5224,'Gisborne',171),(5225,'Lower Hutt',171),(5226,'Porirua',171),(5227,'Queenstown',171),(5228,'Upper Hutt',171),(5229,'Wānaka',171),(5230,'Hastings',171),(5231,'Sur',172),(5232,'Muscat',172),(5233,'Nizwa',172),(5234,'Rustaq',172),(5235,'Salalah',172),(5236,'Sohar',172),(5237,'Khasab',172),(5238,'Bahla',172),(5239,'Ibri',172),(5240,'Seeb',172),(5241,'Mutrah',172),(5242,'Quriyat',172),(5243,'Al Suwayq',172),(5244,'Samail',172),(5245,'Izki',172),(5246,'Ibra',172),(5247,'Haima',172),(5248,'Shinas',172),(5249,'Saham',172),(5250,'Al Hamra',172),(5251,'Kamalia',173),(5252,'Jacobabad',173),(5253,'Hafizabad',173),(5254,'Kambar Ali Khan',173),(5255,'Lodhrān',173),(5256,'Badin',173),(5257,'Lahore',173),(5258,'Hub',173),(5259,'Karachi',173),(5260,'Islamabad',173),(5261,'Gujranwala',173),(5262,'Peshawar',173),(5263,'Faisalabad',173),(5264,'Hyderabad',173),(5265,'Multan',173),(5266,'Quetta',173),(5267,'Rawalpindi',173),(5268,'Sialkot',173),(5269,'Bahawalpur',173),(5270,'Abbottabad',173),(5271,'Panama City',174),(5272,'Colón',174),(5273,'David',174),(5274,'Santiago',174),(5275,'Changuinola',174),(5276,'Chitre',174),(5277,'Las Tablas',174),(5278,'Penonome',174),(5279,'Puerto Armuelles',174),(5280,'Bugaba District',174),(5281,'Antón',174),(5282,'Chepo',174),(5283,'Almirante',174),(5284,'Chame District',174),(5285,'Alto de la Estancia',174),(5286,'Las Guias Oriente',174),(5287,'Tocumen',174),(5288,'Capira District',174),(5289,'Ancón',174),(5290,'Chilibre',174),(5291,'Pitcairn',175),(5292,'609 Broadway Blvd',175),(5293,'Lima',176),(5294,'Cusco',176),(5295,'Arequipa',176),(5296,'Iquitos',176),(5297,'Chiclayo',176),(5298,'Huancayo',176),(5299,'Cajamarca',176),(5300,'Trujillo',176),(5301,'Chimbote',176),(5302,'Tacna',176),(5303,'Huaraz',176),(5304,'Ayacucho',176),(5305,'Cerro de Pasco',176),(5306,'Puerto Maldonado',176),(5307,'Piura',176),(5308,'Abancay',176),(5309,'Tumbes',176),(5310,'Tarapoto',176),(5311,'Sullana',176),(5312,'Puno',176),(5313,'Manila',177),(5314,'Quezon City',177),(5315,'Pasay',177),(5316,'Palayan City',177),(5317,'Davao City',177),(5318,'Butuan City',177),(5319,'Cebu City',177),(5320,'Cagayan de Oro',177),(5321,'Pasig',177),(5322,'Cabadbaran City',177),(5323,'Bayugan City',177),(5324,'Batac',177),(5325,'Bayawan City',177),(5326,'Himamaylan City',177),(5327,'Guihulngan City',177),(5328,'Cavite City',177),(5329,'Zamboanga',177),(5330,'Lamitan City',177),(5331,'Gingoog',177),(5332,'Baguio',177),(5333,'Koror',178),(5334,'Koror',178),(5335,'Melekeok',178),(5336,'Klouklubed',178),(5337,'Ngerulmud',178),(5338,'Meyungs',178),(5339,'Ollei',178),(5340,'Ngermid',178),(5341,'Ngetbong',178),(5342,'Ngriil',178),(5343,'Ngerkeai',178),(5344,'Imeong',178),(5345,'Ngebuked',178),(5346,'Bkulangriil',178),(5347,'Bkurrengel',178),(5348,'Ibobang',178),(5349,'Southwest Islanders Village',178),(5350,'Imetang',178),(5351,'Choll',178),(5352,'Mengellang',178),(5353,'Port Moresby National Capital District',179),(5354,'Arawa AROB',179),(5355,'Lae Morobe Province',179),(5356,'Goroka Eastern Highlands Province',179),(5357,'Wewak East Sepik Province',179),(5358,'Popondetta Northern Province',179),(5359,'Daru Western Province',179),(5360,'Madang Madang Province',179),(5361,'Kokopo East New Britain Province',179),(5362,'Mount Hagen Western Highlands Province',179),(5363,'Mendi Southern Highlands Province',179),(5364,'Bulolo Morobe Province',179),(5365,'Kimbe West New Britain Province',179),(5366,'Alotau Milne Bay Province',179),(5367,'Aitape Sandaun Province',179),(5368,'Rabaul East New Britain Province',179),(5369,'Vanimo Sandaun Province',179),(5370,'Kerema Gulf Province',179),(5371,'Kavieng New Ireland Province',179),(5372,'Wau Morobe Province',179),(5373,'Warsaw',180),(5374,'Kraków',180),(5375,'Gdańsk',180),(5376,'Wrocław',180),(5377,'Poznań',180),(5378,'Katowice',180),(5379,'Łódź',180),(5380,'Bydgoszcz',180),(5381,'Białystok',180),(5382,'Szczecin',180),(5383,'Rumia',180),(5384,'Lublin',180),(5385,'Toruń',180),(5386,'Częstochowa',180),(5387,'Rzeszów',180),(5388,'Olsztyn',180),(5389,'Gdynia',180),(5390,'Kielce',180),(5391,'Gniezno',180),(5392,'33-100 Tarnów',180),(5393,'San Juan',181),(5394,'Ponce',181),(5395,'Bayamón',181),(5396,'Carolina',181),(5397,'Caguas',181),(5398,'Arecibo',181),(5399,'Mayagüez',181),(5400,'Orocovis',181),(5401,'Lajas',181),(5402,'Aguadilla',181),(5403,'Adjuntas',181),(5404,'Vega Baja',181),(5405,'Trujillo Alto',181),(5406,'Fajardo',181),(5407,'Río Grande 00745',181),(5408,'Guaynabo',181),(5409,'Comerío',181),(5410,'Utuado',181),(5411,'Coamo',181),(5412,'Cataño',181),(5413,'North Korea',182),(5414,'Lisbon',183),(5415,'Porto',183),(5416,'Coimbra',183),(5417,'Faro',183),(5418,'Aveiro',183),(5419,'Evora',183),(5420,'Braga',183),(5421,'Funchal',183),(5422,'Guimaraes',183),(5423,'Guarda',183),(5424,'Tavira',183),(5425,'Ponta Delgada',183),(5426,'Vila Real',183),(5427,'Vila Nova de Gaia',183),(5428,'Elvas',183),(5429,'Agualva-Cacém',183),(5430,'Sines',183),(5431,'Bragança',183),(5432,'Odivelas',183),(5433,'Santarém',183),(5434,'Pilar',184),(5435,'Concepción',184),(5436,'Ciudad del Este',184),(5437,'Asunción',184),(5438,'Encarnacion',184),(5439,'San Lorenzo',184),(5440,'Capiatá',184),(5441,'Nemby',184),(5442,'Lambaré',184),(5443,'Pedro Juan Caballero',184),(5444,'Luque',184),(5445,'Mariano Roque Alonso',184),(5446,'Itaugua',184),(5447,'Coronel Oviedo',184),(5448,'Villarrica',184),(5449,'Villa Hayes',184),(5450,'Villa Elisa',184),(5451,'Presidente Franco',184),(5452,'San Antonio',184),(5453,'Itá',184),(5454,'Gaza',185),(5455,'Hebron',185),(5456,'Ramallah',185),(5457,'Beitunia',185),(5458,'Al-Bireh',185),(5459,'طوباس',185),(5460,'بني نعيم',185),(5461,'سعير',185),(5462,'as-Samu',185),(5463,'Az Zawayda',185),(5464,'Jerusalem',185),(5465,'Al Funduq',185),(5466,'Zeita Jamma\'In',185),(5467,'Al Doha',185),(5468,'Deir Ghassana',185),(5469,'\'Izbat Shufa',185),(5470,'Baqat Al Hatab',185),(5471,'Talfit',185),(5472,'Deir Al Balah Camp',185),(5473,'Al \'Eizariya',185),(5474,'Papeete 98714',186),(5475,'Fa\'a\'ā',186),(5476,'Puna\'auia',186),(5477,'Māhina',186),(5478,'Pīra\'e',186),(5479,'Pā\'ea',186),(5480,'Arue',186),(5481,'Paparā',186),(5482,'Moorea-Maiao',186),(5483,'Taiarapu-Est',186),(5484,'Uturoa',186),(5485,'Taiarapu-Ouest',186),(5486,'Vaitape',186),(5487,'Paopao',186),(5488,'Hitiaa O Te Ra',186),(5489,'Papetō\'ai',186),(5490,'Mataiea',186),(5491,'Teva I Uta',186),(5492,'Tiarei',186),(5493,'Pūeu',186),(5494,'Doha',187),(5495,'Al Khor',187),(5496,'Dukhan',187),(5497,'Al Wakrah',187),(5498,'Mesaieed',187),(5499,'Madīnat ash Shamāl',187),(5500,'Umm Salal Muhammed',187),(5501,'Al Khulaifat',187),(5502,'Al-Ghuwayriyah',187),(5503,'Umm Qarn',187),(5504,'Rawdat Rashed',187),(5505,'Al Wukair',187),(5506,'Ar-Rayyan',187),(5507,'Al-Khīsah',187),(5508,'Sumaysimah',187),(5509,'Abu az Zuluf',187),(5510,'Lusail',187),(5511,'Abu Samra',187),(5512,'Al Kharrara',187),(5513,'Al Hitmi',187),(5514,'Saint-Denis 97400',188),(5515,'Saint-Paul 97460',188),(5516,'La Possession 97419',188),(5517,'Le Tampon 97430',188),(5518,'Cilaos 97413',188),(5519,'Saint-Louis 97450',188),(5520,'Saint Pierre 97410',188),(5521,'Saint Joseph 97480',188),(5522,'Sainte-Marie 97438',188),(5523,'Le Port 97420',188),(5524,'Salazie 97433',188),(5525,'Saint-Leu',188),(5526,'Entre-Deux 97414',188),(5527,'Sainte Suzanne 97441',188),(5528,'Saint-Benoît 97470',188),(5529,'Saint Andre 97440',188),(5530,'Sainte Rose 97439',188),(5531,'Saint-Philippe 97442',188),(5532,'Trois-Bassins 97426',188),(5533,'Bras-Panon 97412',188),(5534,'Bucharest',189),(5535,'Cluj-Napoca',189),(5536,'Timișoara',189),(5537,'Brașov',189),(5538,'Sibiu',189),(5539,'Constanța',189),(5540,'Iași',189),(5541,'Oradea',189),(5542,'Sighișoara',189),(5543,'Suceava',189),(5544,'Târgu Mureș',189),(5545,'Craiova',189),(5546,'Bistrița',189),(5547,'Galați',189),(5548,'Ploiești',189),(5549,'Alba Iulia',189),(5550,'Arad',189),(5551,'Baia Mare',189),(5552,'106100 Sinaia',189),(5553,'Brăila',189),(5554,'St Petersburg',190),(5555,'Moscow',190),(5556,'Samara',190),(5557,'Veliky Novgorod',190),(5558,'Norilsk',190),(5559,'Arkhangelsk',190),(5560,'Tomsk',190),(5561,'Stavropol',190),(5562,'Kirov',190),(5563,'Penza',190),(5564,'Kursk',190),(5565,'Kurgan',190),(5566,'Astrakhan',190),(5567,'Magadan',190),(5568,'Nizhny Novgorod',190),(5569,'Novosibirsk',190),(5570,'Kazan',190),(5571,'Petrozavodsk',190),(5572,'Naberezhnye Chelny',190),(5573,'Belgorod',190),(5574,'Kigali',191),(5575,'Rwamagana',191),(5576,'Muhanga',191),(5577,'Gisenyi',191),(5578,'Kibuye',191),(5579,'Cyangugu',191),(5580,'Ruhengeri',191),(5581,'Byumba',191),(5582,'Nyanza',191),(5583,'Bugarama',191),(5584,'Gikongoro',191),(5585,'Kayonza',191),(5586,'Nyamata',191),(5587,'Ruhango',191),(5588,'Nyagatare',191),(5589,'Busogo',191),(5590,'Musanze',191),(5591,'Kabarondo',191),(5592,'Kabuga',191),(5593,'Kagitumba',191),(5594,'Madinah Saudi Arabia',192),(5595,'Riyadh Saudi Arabia',192),(5596,'Makkah Saudi Arabia',192),(5597,'Dammam Saudi Arabia',192),(5598,'Jeddah Saudi Arabia',192),(5599,'Taif Saudi Arabia',192),(5600,'Buraydah Saudi Arabia',192),(5601,'Tabuk Saudi Arabia',192),(5602,'Hail Saudi Arabia',192),(5603,'Al Hofuf Saudi Arabia',192),(5604,'Al Jubail Saudi Arabia',192),(5605,'Abha Saudi Arabia',192),(5606,'Jazan Saudi Arabia',192),(5607,'Yanbu Saudi Arabia',192),(5608,'Al Bahah Saudi Arabia',192),(5609,'Al Qatif Saudi Arabia',192),(5610,'Sakaka Saudi Arabia',192),(5611,'Arar Saudi Arabia',192),(5612,'Khamis Mushait Saudi Arabia',192),(5613,'Al Khobar Saudi Arabia',192),(5614,'Kassala',193),(5615,'Omdurman',193),(5616,'Port Sudan',193),(5617,'Khartoum',193),(5618,'El Obeid',193),(5619,'Nyala',193),(5620,'Wad Madani',193),(5621,'Al Qadarif',193),(5622,'Khartoum North',193),(5623,'Al Fashir',193),(5624,'Sennar',193),(5625,'Berber',193),(5626,'Umm Kaddadah',193),(5627,'Kosti',193),(5628,'Atbara',193),(5629,'Dongola',193),(5630,'Suakin',193),(5631,'Shendi',193),(5632,'Ad-Damazīn',193),(5633,'Kadugli',193),(5634,'Dakar',194),(5635,'Diourbel',194),(5636,'Thies',194),(5637,'St Louis',194),(5638,'Kaolack',194),(5639,'Khombole',194),(5640,'Tambacounda',194),(5641,'Dahra',194),(5642,'Touba',194),(5643,'Ziguinchor',194),(5644,'Mbour',194),(5645,'Rufisque',194),(5646,'Louga',194),(5647,'Kolda',194),(5648,'Fatick',194),(5649,'Meckhe',194),(5650,'Richard Toll',194),(5651,'Bignona',194),(5652,'Kaffrine',194),(5653,'Joal Fadiout',194),(5654,'Bukit Batok',195),(5655,'Jurong East',195),(5656,'Choa Chu Kang',195),(5657,'Yishun',195),(5658,'Jurong',195),(5659,'Ang Mo Kio',195),(5660,'Kampong Glam',195),(5661,'Tampines',195),(5662,'Bukit Panjang',195),(5663,'Kranji',195),(5664,'Jurong West',195),(5665,'Tengah',195),(5666,'Clementi',195),(5667,'Seletar',195),(5668,'Loyang',195),(5669,'Paya Lebar',195),(5670,'Woodlands',195),(5671,'Simei',195),(5672,'Serangoon',195),(5673,'Rochor',195),(5674,'South Georgia and the South Sandwich Islands',196),(5675,'Jamestown STHL 1ZZ',197),(5676,'Edinburgh of the Seven Seas TDCU 1ZZ',197),(5677,'Half Tree Hollow',197),(5678,'Georgetown ASCN 1ZZ',197),(5679,'Two Boats ASCN 1ZZ',197),(5680,'Cat Hill ASCN 1ZZ',197),(5681,'Longwood STHL 1ZZ',197),(5682,'Longyearbyen 9170',198),(5683,'Svalbard and Jan Mayen',198),(5684,'Nybyen',198),(5685,'Grumant 9178',198),(5686,'Barentsburg 9178',198),(5687,'Svalbard',198),(5688,'Pyramiden 9170',198),(5689,'Sveagruva 9175',198),(5690,'Auki',199),(5691,'Kirakira',199),(5692,'Honiara',199),(5693,'Lata',199),(5694,'Buala',199),(5695,'Gizo',199),(5696,'Kamaosi Village',199),(5697,'Noro',199),(5698,'Yandina',199),(5699,'Munda',199),(5700,'Freetown',200),(5701,'Bo',200),(5702,'Kenema',200),(5703,'Makeni',200),(5704,'Koidu',200),(5705,'Waterloo',200),(5706,'Port Loko',200),(5707,'Kambia',200),(5708,'Binkolo',200),(5709,'Kambia',200),(5710,'Port Loko',200),(5711,'Alikalia',200),(5712,'Mange',200),(5713,'Yana',200),(5714,'Yonibana',200),(5715,'Daru',200),(5716,'Tongoma',200),(5717,'Western Area',200),(5718,'Lunsar',200),(5719,'Magburaka',200),(5720,'San Salvador',201),(5721,'San Miguel',201),(5722,'Sonsonate',201),(5723,'Santa Ana',201),(5724,'Chalatenango',201),(5725,'Usulutan',201),(5726,'Tacuba',201),(5727,'San Vicente',201),(5728,'Chirilagua',201),(5729,'Apaneca',201),(5730,'Jujutla',201),(5731,'La Union',201),(5732,'Santa Tecla',201),(5733,'Delgado',201),(5734,'San Martín',201),(5735,'Soyapango',201),(5736,'Mejicanos',201),(5737,'Apopa',201),(5738,'Cuscatancingo',201),(5739,'San Marcos',201),(5740,'47890 San Marino',202),(5741,'Borgo Maggiore',202),(5742,'Montegiardino',202),(5743,'Fiorentino',202),(5744,'Chiesanuova',202),(5745,'Faetano',202),(5746,'Serravalle',202),(5747,'47895 Domagnano',202),(5748,'Acquaviva',202),(5749,'Falciano',202),(5750,'47895 Torraccia',202),(5751,'Dogana',202),(5752,'47893 Valdragone',202),(5753,'47894 Poggio Chiesanuova',202),(5754,'San Marino',202),(5755,'Xuddur',203),(5756,'Burco',203),(5757,'Afgoye',203),(5758,'Bu\'aale',203),(5759,'Galkayo',203),(5760,'Kismayo',203),(5761,'Mogadishu',203),(5762,'Jowhaar',203),(5763,'Eyl',203),(5764,'Baidoa',203),(5765,'Baraawe',203),(5766,'Buur Hakaba',203),(5767,'Garbahaarrey',203),(5768,'Borama',203),(5769,'Merca',203),(5770,'Hobyo',203),(5771,'Garowe',203),(5772,'Ceelbuur',203),(5773,'Dhuusamareeb',203),(5774,'Jalalaqsi',203),(5775,'Saint-Pierre 97500',204),(5776,'Miquelon-Langlade 97500',204),(5777,'Miquelon-Langlade',204),(5778,'Belgrade',205),(5779,'Niš',205),(5780,'Subotica',205),(5781,'Novi Sad',205),(5782,'Užice',205),(5783,'Sremski Karlovci',205),(5784,'Sjenica',205),(5785,'Požarevac',205),(5786,'Vranje',205),(5787,'Knjazevac',205),(5788,'Boljevac',205),(5789,'Negotin',205),(5790,'Gornji Milanovac',205),(5791,'Vlasotince',205),(5792,'Vladičin Han',205),(5793,'Mionica',205),(5794,'Medveđa',205),(5795,'Lebane',205),(5796,'Rača',205),(5797,'Nova Varoš',205),(5798,'Juba',206),(5799,'Malakal',206),(5800,'Wau',206),(5801,'Yambio',206),(5802,'Aweil',206),(5803,'Kuajok',206),(5804,'Rumbek',206),(5805,'Bor',206),(5806,'Bentiu',206),(5807,'Torit',206),(5808,'Yei',206),(5809,'Gogrial',206),(5810,'Pajok',206),(5811,'Yirol',206),(5812,'Akobo',206),(5813,'Nimule',206),(5814,'Rubkona',206),(5815,'Abyei',206),(5816,'Renk',206),(5817,'Maridi',206),(5818,'São Tomé',207),(5819,'Santo Antonio',207),(5820,'Neves',207),(5821,'Guadalupe',207),(5822,'Trindade',207),(5823,'Santana',207),(5824,'Santo Amaro',207),(5825,'Pantufo',207),(5826,'Porto Alegre',207),(5827,'Sao Joao dos Angolares',207),(5828,'Santa Catarina',207),(5829,'Agua Izé',207),(5830,'Monte Cafe',207),(5831,'Ribeira Afonso',207),(5832,'Bombaim',207),(5833,'Boa Entrada',207),(5834,'Diogo Vaz',207),(5835,'Madalena',207),(5836,'Caixão Grande',207),(5837,'Ponta Figo',207),(5838,'Paramaribo',208),(5839,'Nieuw Amsterdam',208),(5840,'Lelydorp',208),(5841,'Nieuw Nickerie',208),(5842,'Albina',208),(5843,'Totness',208),(5844,'Wageningen',208),(5845,'Moengo',208),(5846,'Onverwacht',208),(5847,'Brownsweg',208),(5848,'Kwakoegron',208),(5849,'Brokopondo',208),(5850,'Aurora',208),(5851,'Groningen',208),(5852,'Cassipora',208),(5853,'Powakka',208),(5854,'Rikanau Moffo',208),(5855,'Onverdacht',208),(5856,'Paranam',208),(5857,'Matta',208),(5858,'Bratislava',209),(5859,'Košice',209),(5860,'Žilina',209),(5861,'969 01 Banská Štiavnica',209),(5862,'Trenčín',209),(5863,'Levoča',209),(5864,'Nitra',209),(5865,'Banská Bystrica',209),(5866,'Komárno',209),(5867,'060 01 Kežmarok',209),(5868,'Poprad',209),(5869,'962 12 Detva',209),(5870,'Bardejov',209),(5871,'Prešov',209),(5872,'921 01 Piešťany',209),(5873,'Čadca',209),(5874,'Bánovce nad Bebravou',209),(5875,'036 01 Martin',209),(5876,'972 51 Handlová',209),(5877,'026 01 Dolný Kubín',209),(5878,'Ljubljana',210),(5879,'Maribor',210),(5880,'6000 Koper',210),(5881,'2250 Ptuj',210),(5882,'Celje',210),(5883,'8000 Novo Mesto',210),(5884,'4000 Kranj',210),(5885,'1241 Kamnik',210),(5886,'3320 Velenje',210),(5887,'Piran',210),(5888,'3250 Rogaška Slatina',210),(5889,'4270 Jesenice',210),(5890,'4260 Bled',210),(5891,'Nova Gorica',210),(5892,'Škofja Loka',210),(5893,'Bovec',210),(5894,'6310 Izola',210),(5895,'4280 Kranjska Gora',210),(5896,'5222 Kobarid',210),(5897,'4240 Radovljica',210),(5898,'Stockholm',211),(5899,'Gothenburg',211),(5900,'Malmö',211),(5901,'Helsingborg',211),(5902,'Linköping',211),(5903,'Uppsala',211),(5904,'Örebro',211),(5905,'Jönköping',211),(5906,'Kiruna',211),(5907,'Norrköping',211),(5908,'Västerås',211),(5909,'Lund',211),(5910,'Halmstad',211),(5911,'Umeå',211),(5912,'Karlstad',211),(5913,'Karlskrona',211),(5914,'Gävle',211),(5915,'Luleå',211),(5916,'Borås',211),(5917,'Sundsvall',211),(5918,'Mbabane',212),(5919,'Lobamba',212),(5920,'Manzini',212),(5921,'Nhlangano',212),(5922,'Siteki',212),(5923,'Hluti',212),(5924,'Malkerns',212),(5925,'Mhlume',212),(5926,'Lavumisa',212),(5927,'Bulembu',212),(5928,'Hlatikulu',212),(5929,'Nsoko',212),(5930,'Piggs Peak',212),(5931,'Big Bend',212),(5932,'Mhlambanyatsi',212),(5933,'Tjaneni',212),(5934,'Sidvokodvo',212),(5935,'Mankayane',212),(5936,'Mpaka',212),(5937,'Simunye',212),(5938,'Sint Maarten',213),(5939,'Victoria',214),(5940,'Beau Vallon',214),(5941,'La Passe',214),(5942,'Baie Ste Anne',214),(5943,'La Réunion',214),(5944,'Damascus',215),(5945,'Homs‎',215),(5946,'Hama',215),(5947,'Aleppo',215),(5948,'Al Hasakah',215),(5949,'Lattakia',215),(5950,'Ar Raqqah',215),(5951,'Deir ez-Zur',215),(5952,'Qamishli',215),(5953,'As Suwayda',215),(5954,'Daraa',215),(5955,'Tartus‎',215),(5956,'Duma',215),(5957,'Salamiyah',215),(5958,'Al Tal',215),(5959,'Baniyas',215),(5960,'Al-Safirah',215),(5961,'Idlib',215),(5962,'Ar Rastan',215),(5963,'Darayya',215),(5964,'Cockburn Town TKCA 1ZZ',216),(5965,'Cockburn Harbour TKCA 1ZZ',216),(5966,'Wheeland Settlement TKCA 1ZZ',216),(5967,'Kew TKCA 1ZZ',216),(5968,'Lai',217),(5969,'Beinamar',217),(5970,'Beboto',217),(5971,'Gounou Gaya',217),(5972,'Ngama',217),(5973,'N\'Djamena',217),(5974,'Bere',217),(5975,'Ifenat',217),(5976,'Abou Deia',217),(5977,'Goundi',217),(5978,'Guereda',217),(5979,'Arada',217),(5980,'Moundou',217),(5981,'Abeche',217),(5982,'Biltine',217),(5983,'Bongor',217),(5984,'Sarh',217),(5985,'Bitkine',217),(5986,'Am Timan',217),(5987,'Koumra',217),(5988,'Sokode',218),(5989,'Atakpame',218),(5990,'Lomé',218),(5991,'Aneho',218),(5992,'Kpalime',218),(5993,'Kara',218),(5994,'Bafilo',218),(5995,'Mango',218),(5996,'Dapaong',218),(5997,'Tsevie',218),(5998,'Niamtougou',218),(5999,'Notse',218),(6000,'Sotouboua',218),(6001,'Tabligbo',218),(6002,'Bassar',218),(6003,'Tchamba',218),(6004,'Amlame',218),(6005,'Badou',218),(6006,'Kpagouda',218),(6007,'Vogan',218),(6008,'Bangkok',219),(6009,'Chiang Mai',219),(6010,'Pattaya City',219),(6011,'Phuket',219),(6012,'Phra Nakhon Si Ayutthaya',219),(6013,'Mueang Chiang Rai',219),(6014,'Surat Thani',219),(6015,'Hat Yai',219),(6016,'Thani',219),(6017,'Udon Thani',219),(6018,'Phitsanulok',219),(6019,'Nakhon Ratchasima',219),(6020,'Khon Kaen',219),(6021,'Nakhon Pathom',219),(6022,'Lampang',219),(6023,'Rayong',219),(6024,'Yala',219),(6025,'Trang',219),(6026,'Samut Sakhon',219),(6027,'Pakkret',219),(6028,'Khujand',220),(6029,'Panjakent',220),(6030,'Dushanbe',220),(6031,'Qurgonteppa',220),(6032,'Khorog',220),(6033,'Kulob',220),(6034,'Nurek Dam',220),(6035,'Hisor',220),(6036,'Istaravshan',220),(6037,'Vahdat',220),(6038,'Isfara',220),(6039,'Tursunzoda',220),(6040,'Buston',220),(6041,'Shahrtuz',220),(6042,'Konibodom',220),(6043,'Roghun',220),(6044,'Kolkhozabad',220),(6045,'Vakhsh',220),(6046,'Yavan',220),(6047,'Danghara',220),(6048,'Atafu Village',221),(6049,'Tokelau',221),(6050,'Fale',221),(6051,'Tokelau',221),(6052,'Dashoguz',222),(6053,'Turkmenabat',222),(6054,'Balkanabat',222),(6055,'Turkmenbashi',222),(6056,'Ashgabat',222),(6057,'Serdar',222),(6058,'Mary',222),(6059,'Hazar',222),(6060,'Kaakhka',222),(6061,'Serakhs',222),(6062,'Kara Kala',222),(6063,'Gowurdak',222),(6064,'Kerki',222),(6065,'Abadan',222),(6066,'Bayramaly',222),(6067,'Tejen',222),(6068,'Yoloten',222),(6069,'Köneürgench',222),(6070,'Farab',222),(6071,'Murgap',222),(6072,'Lospalos',223),(6073,'Maliana',223),(6074,'Suai',223),(6075,'Ainaro',223),(6076,'Aileu',223),(6077,'Pante Macassar',223),(6078,'Dili',223),(6079,'Atsabe',223),(6080,'Fohorem',223),(6081,'Alas',223),(6082,'Fatolulie',223),(6083,'Dare',223),(6084,'Fuiloro',223),(6085,'Fatuberlio',223),(6086,'Bazartete',223),(6087,'Citrana',223),(6088,'Turiscai',223),(6089,'Atabae',223),(6090,'Baguia',223),(6091,'Baucau',223),(6092,'Nuku\'alofa',224),(6093,'Pangai',224),(6094,'Neiafu',224),(6095,'Hihifo',224),(6096,'Kolonga',224),(6097,'Houma',224),(6098,'Mu\'a',224),(6099,'Falehau',224),(6100,'Kolovai',224),(6101,'Niutoua',224),(6102,'Tu\'anuku',224),(6103,'Malapo',224),(6104,'Holonga',224),(6105,'Fakakakai',224),(6106,'Kolovai',224),(6107,'Kanokupolu',224),(6108,'Pea',224),(6109,'Port of Spain',225),(6110,'San Fernando',225),(6111,'Scarborough',225),(6112,'Princes Town',225),(6113,'Arima',225),(6114,'Chaguanas Borough Corporation',225),(6115,'Sangre Grande',225),(6116,'Point Fortin',225),(6117,'Tunapuna',225),(6118,'Marabella',225),(6119,'Rio Claro',225),(6120,'Laventille',225),(6121,'Couva',225),(6122,'Siparia',225),(6123,'San Juan',225),(6124,'Diego Martin',225),(6125,'Penal',225),(6126,'Barataria',225),(6127,'Carnbee',225),(6128,'Chaguaramas',225),(6129,'Kairouan',226),(6130,'Gabes',226),(6131,'Tunis',226),(6132,'Gafsa',226),(6133,'Sfax',226),(6134,'El Kef',226),(6135,'Mahdia',226),(6136,'El Jem',226),(6137,'Sousse',226),(6138,'Beja',226),(6139,'Bizerte',226),(6140,'Zarzis',226),(6141,'Tataouine',226),(6142,'Tozeur',226),(6143,'Masakin',226),(6144,'Monastir',226),(6145,'Douz',226),(6146,'Hammamet',226),(6147,'Kelibia',226),(6148,'Tabarka',226),(6149,'İstanbul',227),(6150,'İzmir',227),(6151,'Bursa',227),(6152,'Ankara',227),(6153,'Gaziantep',227),(6154,'Mardin',227),(6155,'Antalya',227),(6156,'Mersin',227),(6157,'Eskişehir',227),(6158,'Şanlıurfa',227),(6159,'Kayseri',227),(6160,'Muş',227),(6161,'Denizli',227),(6162,'Samsun',227),(6163,'Trabzon',227),(6164,'Çanakkale',227),(6165,'Van',227),(6166,'Manisa',227),(6167,'Karaman',227),(6168,'Yalova',227),(6169,'Asau',228),(6170,'Vaiaku',228),(6171,'Tonga',228),(6172,'Taipei City',229),(6173,'Taipei',229),(6174,'New Taipei',229),(6175,'New Taipei City',229),(6176,'Jinsha 890',229),(6177,'Tonghua',229),(6178,'Taiyuan',229),(6179,'Tanzania',230),(6180,'Dodoma',230),(6181,'Mwanza',230),(6182,'Kampala',231),(6183,'Gulu',231),(6184,'Arua',231),(6185,'Mbale',231),(6186,'Hoima',231),(6187,'Entebbe',231),(6188,'Moroto',231),(6189,'Mbarara',231),(6190,'Jinja',231),(6191,'Lira',231),(6192,'Fort Portal',231),(6193,'Kabale',231),(6194,'Kasese',231),(6195,'Soroti',231),(6196,'Masindi',231),(6197,'Mityana',231),(6198,'Mukono',231),(6199,'Nakasongola',231),(6200,'Mubende',231),(6201,'Kitgum',231),(6202,'Kharkiv',232),(6203,'Donetsk',232),(6204,'Dnipro',232),(6205,'Mykolaiv',232),(6206,'Luhansk',232),(6207,'Lviv',232),(6208,'Ivano-Frankivsk',232),(6209,'Odesa',232),(6210,'Kyiv',232),(6211,'Vinnytsia',232),(6212,'Zaporizhzhia',232),(6213,'Kherson',232),(6214,'Kup\'yans\'k',232),(6215,'Chernihiv',232),(6216,'Kryvyi Rih',232),(6217,'Poltava',232),(6218,'Horlivka',232),(6219,'Mariupol',232),(6220,'Lutsk',232),(6221,'Makiivka',232),(6222,'United States Minor Outlying Islands',233),(6223,'60000 Paysandú',234),(6224,'40000 Rivera',234),(6225,'Montevideo',234),(6226,'70000 Colonia del Sacramento',234),(6227,'97000 Durazno',234),(6228,'Ciudad de la Costa',234),(6229,'45000 Tacuarembo',234),(6230,'50000 Salto',234),(6231,'15900 Las Piedras',234),(6232,'30000 Minas',234),(6233,'75000 Mercedes',234),(6234,'55000 Artigas',234),(6235,'33000 Treinta y Tres',234),(6236,'80000 San José de Mayo',234),(6237,'94000 Florida',234),(6238,'20000 Maldonado',234),(6239,'Ciudad del Plata',234),(6240,'55100 Bella Union',234),(6241,'90200 Santa Lucia',234),(6242,'85000 Trinidad',234),(6243,'Charlotte',235),(6244,'Austin',235),(6245,'San Francisco',235),(6246,'New York',235),(6247,'Oklahoma City',235),(6248,'Chicago',235),(6249,'Phoenix',235),(6250,'Los Angeles',235),(6251,'Houston',235),(6252,'Philadelphia',235),(6253,'Dallas',235),(6254,'Seattle',235),(6255,'San Antonio',235),(6256,'Columbus',235),(6257,'Denver',235),(6258,'San Jose',235),(6259,'Fort Worth',235),(6260,'Jacksonville',235),(6261,'Indianapolis',235),(6262,'Boston',235),(6263,'Tashkent',236),(6264,'Bukhara',236),(6265,'Samarkand',236),(6266,'Nukus',236),(6267,'Namangan',236),(6268,'Qarshi',236),(6269,'Fergana',236),(6270,'Termez',236),(6271,'Andijan',236),(6272,'Navoi',236),(6273,'Kokand',236),(6274,'Shahrisabz',236),(6275,'Urgench',236),(6276,'Margilan',236),(6277,'Jizzakh',236),(6278,'Chirchik',236),(6279,'Angren',236),(6280,'Almalyk',236),(6281,'Khiva',236),(6282,'Bekobod',236),(6283,'00120 Vatican City',237),(6284,'Kingstown',238),(6285,'Chateaubelair',238),(6286,'Port Elizabeth',238),(6287,'Biabou',238),(6288,'Barrouallie',238),(6289,'Calliaqua',238),(6290,'Arnos Vale',238),(6291,'Greiggs',238),(6292,'Questelles',238),(6293,'Lovell',238),(6294,'Peruvian Vale',238),(6295,'Georgetown',238),(6296,'Paget Farm',238),(6297,'Belmont',238),(6298,'Richland Park',238),(6299,'Clare Valley',238),(6300,'Layou',238),(6301,'Mesopotamia',238),(6302,'Stubbs',238),(6303,'Diamond',238),(6304,'Venezuela',239),(6305,'Road Town',240),(6306,'The Settlement',240),(6307,'Spanish Town',240),(6308,'Parham Town',240),(6309,'Charlotte Amalie',241),(6310,'Cruz Bay',241),(6311,'Frederiksted',241),(6312,'Christiansted',241),(6313,'Zambee',241),(6314,'Ensomned',241),(6315,'Lilliendahl',241),(6316,'Rosendal',241),(6317,'Misgen',241),(6318,'Knight',241),(6319,'Dorothea',241),(6320,'Concordia',241),(6321,'Solitude',241),(6322,'Leinster Bay',241),(6323,'Mary Point',241),(6324,'Charlotte Amalie West',241),(6325,'Reef Bay',241),(6326,'Anna\'s Retreat',241),(6327,'Coral Bay',241),(6328,'Concordia',241),(6329,'Ho Chi Minh City',242),(6330,'Hanoi',242),(6331,'Da Nang',242),(6332,'Nha Trang',242),(6333,'Huế',242),(6334,'Haiphong',242),(6335,'Hội An',242),(6336,'Can Tho',242),(6337,'Dalat',242),(6338,'Bien Hoa',242),(6339,'Vũng Tàu',242),(6340,'Hạ Long',242),(6341,'Ninh Bình',242),(6342,'Bến Tre',242),(6343,'Long Xuyên',242),(6344,'Buon Ma Thuot',242),(6345,'Vinh',242),(6346,'Lào Cai',242),(6347,'Mỹ Tho',242),(6348,'Quy Nhon',242),(6349,'Lakatoro',243),(6350,'Isangel',243),(6351,'Sola',243),(6352,'Port Vila',243),(6353,'Norsup',243),(6354,'Luganville',243),(6355,'Saratamata',243),(6356,'Longana',243),(6357,'Ipikil',243),(6358,'White Sands',243),(6359,'Lamap',243),(6360,'Port Olry',243),(6361,'Fanla',243),(6362,'Lenakel',243),(6363,'Hog Harbour',243),(6364,'Litslits',243),(6365,'Emiotungun',243),(6366,'Avire',243),(6367,'Waterfall Village',243),(6368,'Melsisi',243),(6369,'Matā\'utu',244),(6370,'Vaitupu 98600',244),(6371,'Alele 98600',244),(6372,'Halalo',244),(6373,'Utufua',244),(6374,'Leava',244),(6375,'Liku 98600',244),(6376,'Falaleu 98600',244),(6377,'Vailala',244),(6378,'Te\'esi',244),(6379,'Ahoa',244),(6380,'Kolia',244),(6381,'Mala\'e 98600',244),(6382,'Aka\'aka',244),(6383,'Ha\'atofo',244),(6384,'Ono',244),(6385,'Kolopopo',244),(6386,'Taoa',244),(6387,'Fiua',244),(6388,'Ha\'afuasia',244),(6389,'Apia',245),(6390,'Samamea',245),(6391,'Asau',245),(6392,'Afega',245),(6393,'Leulumoega',245),(6394,'Lufi-lufi',245),(6395,'Siusega',245),(6396,'Safotu',245),(6397,'Vaiusu',245),(6398,'Mulifanua',245),(6399,'Faleasiu',245),(6400,'Vailima',245),(6401,'Letogo',245),(6402,'Fagali\'i',245),(6403,'Lepea',245),(6404,'Vailoa',245),(6405,'Vailele',245),(6406,'Vaitele',245),(6407,'Tuana\'i',245),(6408,'Vaimoso',245),(6409,'Ibb',246),(6410,'Taizz',246),(6411,'Al Bayda\'',246),(6412,'Sana\'a',246),(6413,'Al Mukalla',246),(6414,'Al Hudaydah',246),(6415,'Sayyan',246),(6416,'Lahij',246),(6417,'Zabid',246),(6418,'Al Mahwit',246),(6419,'Bayt al Faqih',246),(6420,'Ataq',246),(6421,'باجل',246),(6422,'Hajjah',246),(6423,'Ash Shihr',246),(6424,'Yarim',246),(6425,'Zinjibar',246),(6426,'Al Ghaydah',246),(6427,'Dhamar',246),(6428,'Aden',246),(6429,'Cape Town',247),(6430,'Durban',247),(6431,'Johannesburg',247),(6432,'Pretoria',247),(6433,'Gqeberha',247),(6434,'Bloemfontein',247),(6435,'East London',247),(6436,'Pietermaritzburg',247),(6437,'Soweto',247),(6438,'Benoni',247),(6439,'Mbombela',247),(6440,'Kimberley',247),(6441,'Oudtshoorn',247),(6442,'Mahikeng',247),(6443,'Makhanda',247),(6444,'Thohoyandou',247),(6445,'Vereeniging',247),(6446,'Bisho',247),(6447,'Alberton',247),(6448,'George',247),(6449,'Ndola',248),(6450,'Kitwe',248),(6451,'Lusaka',248),(6452,'Livingstone',248),(6453,'Chipata',248),(6454,'Kasama',248),(6455,'Choma',248),(6456,'Chingola',248),(6457,'Kabwe',248),(6458,'Mbala',248),(6459,'Chinsali',248),(6460,'Mazabuka',248),(6461,'Solwezi',248),(6462,'Kafue',248),(6463,'Mongu',248),(6464,'Chozi',248),(6465,'Sinazeze',248),(6466,'Luanshya',248),(6467,'Chililabombwe',248),(6468,'Kalabo',248),(6469,'Harare',249),(6470,'Bulawayo',249),(6471,'Kadoma',249),(6472,'Gweru',249),(6473,'Mutare',249),(6474,'Kwekwe',249),(6475,'Chitungwiza',249),(6476,'Chinhoyi',249),(6477,'Masvingo Province',249),(6478,'Beitbridge',249),(6479,'Hwange',249),(6480,'Marondera',249),(6481,'Norton',249),(6482,'Bindura',249),(6483,'Zvishavane',249),(6484,'Karoi',249),(6485,'Chegutu',249),(6486,'Chipinge',249),(6487,'Chiredzi',249),(6488,'Victoria Falls',249);
/*!40000 ALTER TABLE `city` ENABLE KEYS */;
UNLOCK TABLES;

--
-- Table structure for table `country`
--

DROP TABLE IF EXISTS `country`;
/*!40101 SET @saved_cs_client     = @@character_set_client */;
/*!50503 SET character_set_client = utf8mb4 */;
CREATE TABLE `country` (
  `id` int NOT NULL AUTO_INCREMENT,
  `name` varchar(100) DEFAULT NULL,
  PRIMARY KEY (`id`)
) ENGINE=InnoDB AUTO_INCREMENT=250 DEFAULT CHARSET=utf8mb4 COLLATE=utf8mb4_0900_ai_ci;
/*!40101 SET character_set_client = @saved_cs_client */;

--
-- Dumping data for table `country`
--

LOCK TABLES `country` WRITE;
/*!40000 ALTER TABLE `country` DISABLE KEYS */;
INSERT INTO `country` VALUES (1,'Aruba'),(2,'Afghanistan'),(3,'Angola'),(4,'Anguilla'),(5,'Åland Islands'),(6,'Albania'),(7,'Andorra'),(8,'United Arab Emirates'),(9,'Argentina'),(10,'Armenia'),(11,'American Samoa'),(12,'Antarctica'),(13,'French Southern Territories'),(14,'Antigua and Barbuda'),(15,'Australia'),(16,'Austria'),(17,'Azerbaijan'),(18,'Burundi'),(19,'Belgium'),(20,'Benin'),(21,'Bonaire, Sint Eustatius and Saba'),(22,'Burkina Faso'),(23,'Bangladesh'),(24,'Bulgaria'),(25,'Bahrain'),(26,'Bahamas'),(27,'Bosnia and Herzegovina'),(28,'Saint Barthélemy'),(29,'Belarus'),(30,'Belize'),(31,'Bermuda'),(32,'Bolivia, Plurinational State of'),(33,'Brazil'),(34,'Barbados'),(35,'Brunei Darussalam'),(36,'Bhutan'),(37,'Bouvet Island'),(38,'Botswana'),(39,'Central African Republic'),(40,'Canada'),(41,'Cocos (Keeling) Islands'),(42,'Switzerland'),(43,'Chile'),(44,'China'),(45,'Côte d\'Ivoire'),(46,'Cameroon'),(47,'Congo, The Democratic Republic of the'),(48,'Congo'),(49,'Cook Islands'),(50,'Colombia'),(51,'Comoros'),(52,'Cabo Verde'),(53,'Costa Rica'),(54,'Cuba'),(55,'Curaçao'),(56,'Christmas Island'),(57,'Cayman Islands'),(58,'Cyprus'),(59,'Czechia'),(60,'Germany'),(61,'Djibouti'),(62,'Dominica'),(63,'Denmark'),(64,'Dominican Republic'),(65,'Algeria'),(66,'Ecuador'),(67,'Egypt'),(68,'Eritrea'),(69,'Western Sahara'),(70,'Spain'),(71,'Estonia'),(72,'Ethiopia'),(73,'Finland'),(74,'Fiji'),(75,'Falkland Islands (Malvinas)'),(76,'France'),(77,'Faroe Islands'),(78,'Micronesia, Federated States of'),(79,'Gabon'),(80,'United Kingdom'),(81,'Georgia'),(82,'Guernsey'),(83,'Ghana'),(84,'Gibraltar'),(85,'Guinea'),(86,'Guadeloupe'),(87,'Gambia'),(88,'Guinea-Bissau'),(89,'Equatorial Guinea'),(90,'Greece'),(91,'Grenada'),(92,'Greenland'),(93,'Guatemala'),(94,'French Guiana'),(95,'Guam'),(96,'Guyana'),(97,'Hong Kong'),(98,'Heard Island and McDonald Islands'),(99,'Honduras'),(100,'Croatia'),(101,'Haiti'),(102,'Hungary'),(103,'Indonesia'),(104,'Isle of Man'),(105,'India'),(106,'British Indian Ocean Territory'),(107,'Ireland'),(108,'Iran, Islamic Republic of'),(109,'Iraq'),(110,'Iceland'),(111,'Israel'),(112,'Italy'),(113,'Jamaica'),(114,'Jersey'),(115,'Jordan'),(116,'Japan'),(117,'Kazakhstan'),(118,'Kenya'),(119,'Kyrgyzstan'),(120,'Cambodia'),(121,'Kiribati'),(122,'Saint Kitts and Nevis'),(123,'Korea, Republic of'),(124,'Kuwait'),(125,'Lao People\'s Democratic Republic'),(126,'Lebanon'),(127,'Liberia'),(128,'Libya'),(129,'Saint Lucia'),(130,'Liechtenstein'),(131,'Sri Lanka'),(132,'Lesotho'),(133,'Lithuania'),(134,'Luxembourg'),(135,'Latvia'),(136,'Macao'),(137,'Saint Martin (French part)'),(138,'Morocco'),(139,'Monaco'),(140,'Moldova, Republic of'),(141,'Madagascar'),(142,'Maldives'),(143,'Mexico'),(144,'Marshall Islands'),(145,'North Macedonia'),(146,'Mali'),(147,'Malta'),(148,'Myanmar'),(149,'Montenegro'),(150,'Mongolia'),(151,'Northern Mariana Islands'),(152,'Mozambique'),(153,'Mauritania'),(154,'Montserrat'),(155,'Martinique'),(156,'Mauritius'),(157,'Malawi'),(158,'Malaysia'),(159,'Mayotte'),(160,'Namibia'),(161,'New Caledonia'),(162,'Niger'),(163,'Norfolk Island'),(164,'Nigeria'),(165,'Nicaragua'),(166,'Niue'),(167,'Netherlands'),(168,'Norway'),(169,'Nepal'),(170,'Nauru'),(171,'New Zealand'),(172,'Oman'),(173,'Pakistan'),(174,'Panama'),(175,'Pitcairn'),(176,'Peru'),(177,'Philippines'),(178,'Palau'),(179,'Papua New Guinea'),(180,'Poland'),(181,'Puerto Rico'),(182,'Korea, Democratic People\'s Republic of'),(183,'Portugal'),(184,'Paraguay'),(185,'Palestine, State of'),(186,'French Polynesia'),(187,'Qatar'),(188,'Réunion'),(189,'Romania'),(190,'Russian Federation'),(191,'Rwanda'),(192,'Saudi Arabia'),(193,'Sudan'),(194,'Senegal'),(195,'Singapore'),(196,'South Georgia and the South Sandwich Islands'),(197,'Saint Helena, Ascension and Tristan da Cunha'),(198,'Svalbard and Jan Mayen'),(199,'Solomon Islands'),(200,'Sierra Leone'),(201,'El Salvador'),(202,'San Marino'),(203,'Somalia'),(204,'Saint Pierre and Miquelon'),(205,'Serbia'),(206,'South Sudan'),(207,'Sao Tome and Principe'),(208,'Suriname'),(209,'Slovakia'),(210,'Slovenia'),(211,'Sweden'),(212,'Eswatini'),(213,'Sint Maarten (Dutch part)'),(214,'Seychelles'),(215,'Syrian Arab Republic'),(216,'Turks and Caicos Islands'),(217,'Chad'),(218,'Togo'),(219,'Thailand'),(220,'Tajikistan'),(221,'Tokelau'),(222,'Turkmenistan'),(223,'Timor-Leste'),(224,'Tonga'),(225,'Trinidad and Tobago'),(226,'Tunisia'),(227,'Türkiye'),(228,'Tuvalu'),(229,'Taiwan, Province of China'),(230,'Tanzania, United Republic of'),(231,'Uganda'),(232,'Ukraine'),(233,'United States Minor Outlying Islands'),(234,'Uruguay'),(235,'United States'),(236,'Uzbekistan'),(237,'Holy See (Vatican City State)'),(238,'Saint Vincent and the Grenadines'),(239,'Venezuela, Bolivarian Republic of'),(240,'Virgin Islands, British'),(241,'Virgin Islands, U.S.'),(242,'Viet Nam'),(243,'Vanuatu'),(244,'Wallis and Futuna'),(245,'Samoa'),(246,'Yemen'),(247,'South Africa'),(248,'Zambia'),(249,'Zimbabwe');
/*!40000 ALTER TABLE `country` ENABLE KEYS */;
UNLOCK TABLES;

--
-- Table structure for table `gods`
--

DROP TABLE IF EXISTS `gods`;
/*!40101 SET @saved_cs_client     = @@character_set_client */;
/*!50503 SET character_set_client = utf8mb4 */;
CREATE TABLE `gods` (
  `id` int NOT NULL AUTO_INCREMENT,
  `name` varchar(50) DEFAULT NULL,
  `color` varchar(50) DEFAULT NULL,
  `weight` float DEFAULT NULL,
  `price` float DEFAULT NULL,
  `photo` varchar(200) DEFAULT NULL,
  PRIMARY KEY (`id`)
) ENGINE=InnoDB AUTO_INCREMENT=8 DEFAULT CHARSET=utf8mb4 COLLATE=utf8mb4_0900_ai_ci;
/*!40101 SET character_set_client = @saved_cs_client */;

--
-- Dumping data for table `gods`
--

LOCK TABLES `gods` WRITE;
/*!40000 ALTER TABLE `gods` DISABLE KEYS */;
INSERT INTO `gods` VALUES (4,'samsung ','black',0.1,20000,'samsung.jpg'),(5,'Iphone','black',0.2,50000,'iphone.jpg'),(6,'Xiaomy ','blue',0.3,15000,'xiaomi.jpg'),(7,'Tank3310:)','blue',0.5,300,'N3310.jpg');
/*!40000 ALTER TABLE `gods` ENABLE KEYS */;
UNLOCK TABLES;

--
-- Table structure for table `order`
--

DROP TABLE IF EXISTS `order`;
/*!40101 SET @saved_cs_client     = @@character_set_client */;
/*!50503 SET character_set_client = utf8mb4 */;
CREATE TABLE `order` (
  `id` int NOT NULL AUTO_INCREMENT,
  `amount` int DEFAULT NULL,
  `status` varchar(50) DEFAULT NULL,
  `good_id` int DEFAULT NULL,
  `address_id` int DEFAULT NULL,
  PRIMARY KEY (`id`),
  KEY `good_id` (`good_id`),
  KEY `address_id` (`address_id`),
  CONSTRAINT `order_ibfk_1` FOREIGN KEY (`good_id`) REFERENCES `gods` (`id`),
  CONSTRAINT `order_ibfk_2` FOREIGN KEY (`address_id`) REFERENCES `address` (`id`)
) ENGINE=InnoDB AUTO_INCREMENT=16 DEFAULT CHARSET=utf8mb4 COLLATE=utf8mb4_0900_ai_ci;
/*!40101 SET character_set_client = @saved_cs_client */;

--
-- Dumping data for table `order`
--

LOCK TABLES `order` WRITE;
/*!40000 ALTER TABLE `order` DISABLE KEYS */;
INSERT INTO `order` VALUES (1,2,'Delivered',NULL,1),(2,4,'В обробці',4,2),(3,65,'Delivering',4,3),(4,2,'Delivering',4,4),(5,2,'Delivering',NULL,5),(6,2,'Delivering',4,6),(7,44,'Delivering',4,7),(8,123,'Delivering',NULL,8),(9,123,'Delivering',NULL,8),(10,123,'Delivering',NULL,10),(11,312,'Delivering',NULL,11),(12,123,'Delivering',NULL,12),(13,444,'Delivering',4,11),(14,444,'Delivering',4,14),(15,12,'Delivering',NULL,15);
/*!40000 ALTER TABLE `order` ENABLE KEYS */;
UNLOCK TABLES;

--
-- Table structure for table `user`
--

DROP TABLE IF EXISTS `user`;
/*!40101 SET @saved_cs_client     = @@character_set_client */;
/*!50503 SET character_set_client = utf8mb4 */;
CREATE TABLE `user` (
  `id` int NOT NULL AUTO_INCREMENT,
  `login` varchar(128) NOT NULL,
  `password` varchar(1000) NOT NULL,
  PRIMARY KEY (`id`)
) ENGINE=InnoDB AUTO_INCREMENT=2 DEFAULT CHARSET=utf8mb4 COLLATE=utf8mb4_0900_ai_ci;
/*!40101 SET character_set_client = @saved_cs_client */;

--
-- Dumping data for table `user`
--

LOCK TABLES `user` WRITE;
/*!40000 ALTER TABLE `user` DISABLE KEYS */;
INSERT INTO `user` VALUES (1,'pashkevuchpasha@gmail.com','scrypt:32768:8:1$0PndqaYMcSZhaiEc$7258bdd9d0bd8b225326faaa3f02b947d6ce15a743321f319f95b747791e7ffb7d155b8f59aeca7f7e57195ef5863c49288316a1eb2fff6fc45f27e27192d3ba');
/*!40000 ALTER TABLE `user` ENABLE KEYS */;
UNLOCK TABLES;
/*!40103 SET TIME_ZONE=@OLD_TIME_ZONE */;

/*!40101 SET SQL_MODE=@OLD_SQL_MODE */;
/*!40014 SET FOREIGN_KEY_CHECKS=@OLD_FOREIGN_KEY_CHECKS */;
/*!40014 SET UNIQUE_CHECKS=@OLD_UNIQUE_CHECKS */;
/*!40101 SET CHARACTER_SET_CLIENT=@OLD_CHARACTER_SET_CLIENT */;
/*!40101 SET CHARACTER_SET_RESULTS=@OLD_CHARACTER_SET_RESULTS */;
/*!40101 SET COLLATION_CONNECTION=@OLD_COLLATION_CONNECTION */;
/*!40111 SET SQL_NOTES=@OLD_SQL_NOTES */;

-- Dump completed on 2024-06-08 22:25:34
